symbol,date,open,high,low,close,volume
ABBV,2026-05-18,210.3700,211.3600,207.6800,209.4100,5069366
ABBV,2026-05-19,209.9000,215.8000,208.7270,213.7600,7220276
ABBV,2026-05-20,213.3600,214.4999,211.5000,212.3000,4718019
ABBV,2026-05-21,210.9500,215.6400,209.5000,214.5000,3814054
ABBV,2026-05-22,217.0000,220.0100,215.7000,215.7000,5407981
ABBV,2026-05-26,215.9200,217.0500,211.9100,213.1200,4709782
ABBV,2026-05-27,213.1200,215.9400,211.3600,215.4000,4640413
ABBV,2026-05-28,215.9000,219.3750,215.9000,218.6300,5190923
ABBV,2026-05-29,219.0200,219.6000,214.9000,217.7200,7620822
ABBV,2026-06-01,215.2600,216.4993,211.5100,212.9300,4858421
ABBV,2026-06-02,211.0100,216.5700,208.9900,215.4000,5861765
ABBV,2026-06-03,214.8000,219.5400,213.7250,217.1300,5667521
ABBV,2026-06-04,222.5000,224.9900,219.8400,224.9400,6782013
ABBV,2026-06-05,227.3700,230.4700,226.0000,227.2300,6248888
ABBV,2026-06-08,226.7500,228.5800,221.1650,223.0700,4915633
ABBV,2026-06-09,224.8000,227.1400,221.7200,225.4200,4257921
ABBV,2026-06-10,226.9300,227.1400,224.1200,224.9500,4147303
ABBV,2026-06-11,226.0100,227.5500,224.0400,224.7700,4569353
ABBV,2026-06-12,227.5000,228.3999,224.3200,227.7300,4086503
ABBV,2026-06-15,226.0000,226.5000,220.0000,221.5900,5261900
ABBV,2026-06-16,223.3100,223.5000,219.1500,222.4700,5945518
ABBV,2026-06-17,222.4000,222.8399,218.8300,221.2300,5624375
ABBV,2026-06-18,221.3700,222.3500,215.3700,216.4900,9646078
ABBV,2026-06-22,221.9400,232.3200,221.9400,230.0100,9912770
ABBV,2026-06-23,232.9700,235.3100,231.3000,234.7600,7366040
ABBV,2026-06-24,236.3500,237.3600,232.8500,234.8900,7311033
ABBV,2026-06-25,233.6600,244.6100,233.6600,243.1400,10281847
ABBV,2026-06-26,245.2550,253.3500,244.6600,253.3500,52635078
ABBV,2026-06-29,253.0500,255.9900,249.2000,254.3100,9760531
ABBV,2026-06-30,255.0000,255.4970,250.1000,251.6400,6999707
ABBV,2026-07-01,250.7500,251.8000,247.5600,251.0600,6987982
ABBV,2026-07-02,252.3000,261.6350,250.5100,261.0700,7114422
ABBV,2026-07-06,259.9200,260.9200,253.6001,254.7600,8580220
ABBV,2026-07-07,257.2100,260.3500,254.2700,254.6500,8238267
ABBV,2026-07-08,253.2500,255.8200,250.7000,252.7400,7578707
ABBV,2026-07-09,251.2000,254.8600,247.9900,249.9100,5526006
ABBV,2026-07-10,251.0050,251.6645,245.0500,248.0800,5780990
ABBV,2026-07-13,248.3700,249.7439,244.6101,248.0000,4156363
ABBV,2026-07-14,245.9900,246.4199,243.1900,244.7800,5247223
ABBV,2026-07-15,243.3200,247.7500,243.0700,244.1100,6388965
ABBV,2026-07-16,244.7500,254.5400,243.5000,254.3900,6555488
ABBV,2026-07-17,257.0000,260.9600,254.2900,254.4900,6872705
ABBV,2026-07-20,253.1000,256.1500,252.6800,253.3800,4332803
ABBV,2026-07-21,253.7000,257.0600,252.6001,256.1000,4819291
ABBV,2026-07-22,257.8100,257.8100,252.2500,253.3000,4953191
ABBV,2026-07-23,253.9800,258.3800,253.1000,256.9200,4623010
ABBV,2026-07-24,258.5400,260.2200,256.7650,259.3600,4195437
ABBV,2026-07-27,259.0000,262.1000,256.7800,256.9100,5404809
ABBV,2026-07-28,262.8300,266.9200,261.4500,263.2000,7060442
ABBV,2026-07-29,264.2100,267.4700,262.7550,263.3000,5563736
ABBV,2026-07-30,258.3800,259.8900,253.5100,257.4100,6406625
ABBV,2026-07-31,252.5400,255.5200,247.0000,250.9400,7258176
ABBV,2026-08-03,251.4500,256.2000,244.4400,245.1000,7435935
ABBV,2026-08-04,246.7400,246.9100,242.3850,243.8000,8028831
ABBV,2026-08-05,247.0000,249.3800,243.7600,246.2000,5193732
ABBV,2026-08-06,249.0400,249.9500,241.2000,243.8700,4570167
ABBV,2026-08-07,243.6200,246.7600,241.9500,246.0400,4930711
ABBV,2026-08-10,245.6500,248.0100,244.0300,247.9700,4209941
ABBV,2026-08-11,248.1400,250.7650,247.1800,250.0900,4485470
ABBV,2026-08-12,245.9800,250.0900,245.5200,248.7600,3780452
ABBV,2026-08-13,252.9400,255.2950,249.3500,250.8200,4370406
ABBV,2026-08-14,250.6000,250.6100,247.6800,249.4600,4195386
ABBV,2026-08-17,249.4900,251.4900,248.3100,250.3300,4648771
ABBV,2026-08-18,253.9300,259.1800,252.4100,258.9200,5010229
ABBV,2026-08-19,261.5100,266.9650,259.5500,265.9700,5535972
ABBV,2026-08-20,265.6900,265.9300,260.4812,261.8300,5228907
ABBV,2026-08-21,260.7000,266.8400,260.1010,264.9600,5157192
ABBV,2026-08-24,263.9900,266.0395,262.0700,264.5200,3883803
ABBV,2026-08-25,264.5000,266.9050,263.0250,265.7900,3671623
ABBV,2026-08-26,264.6000,265.0000,260.3100,262.9000,3308871
ABBV,2026-08-27,260.8100,262.4977,257.2500,258.1500,4764797
ABBV,2026-08-28,258.6700,259.0000,255.0797,255.4800,3224862
ABBV,2026-08-31,254.1700,258.2400,252.3300,256.4200,4315487
ABBV,2026-09-01,260.9900,262.2650,257.7900,259.9900,3866739
ABBV,2026-09-02,262.7000,262.9700,257.7000,261.7200,4225524
ABBV,2026-09-03,264.0000,264.2500,257.1400,260.2100,2878739
ABBV,2026-09-04,257.9600,258.9100,255.5800,256.4600,4729800
ABBV,2026-09-08,251.8400,254.6150,248.4100,248.7800,5572102
ABBV,2026-09-09,247.7300,251.1800,246.7701,250.9100,3866951
ABBV,2026-09-10,251.2300,255.3100,249.7350,255.0000,4397653
ABBV,2026-09-11,253.9200,259.6100,253.9200,257.1200,4308856
ABBV,2026-09-14,261.6700,264.6499,260.1001,261.7700,4512420
ABBV,2026-09-15,260.0000,264.8100,257.7950,263.0400,5120219
ABBV,2026-09-16,261.9900,264.0000,260.9750,262.5100,3118268
ABBV,2026-09-17,262.6100,264.6200,260.8800,264.0200,3509941
ABBV,2026-09-18,263.2900,266.3400,262.4400,263.9600,8176607
ABBV,2026-09-21,263.0700,266.5998,261.2300,264.4800,3438150
ABBV,2026-09-22,263.1000,266.8200,262.1450,265.2100,2766286
ABBV,2026-09-23,266.0000,269.3900,263.5885,265.0800,3469242
ABBV,2026-09-24,265.3700,267.4100,263.0900,265.1200,3458166
ABBV,2026-09-25,265.4900,266.0000,262.5900,264.3400,2541718
ABBV,2026-09-28,264.3300,267.7350,263.3800,266.2800,4429512
ABBV,2026-09-29,265.4500,268.9300,261.5213,263.2900,4004368
ABBV,2026-09-30,264.6000,265.3600,261.5900,261.5900,4389160
ABBV,2026-10-01,260.5100,262.3158,259.0000,259.9300,3892076
ABBV,2026-10-02,259.7400,264.0600,257.8700,262.8200,5863068
ABBV,2026-10-05,261.2700,267.3400,260.2900,265.7600,7544505
ABBV,2026-10-06,267.7400,268.8582,260.6197,266.6900,4501087
ABBV,2026-10-07,268.4000,274.9400,266.8900,271.3600,6079078
ABBV,2026-10-08,270.7000,272.5150,265.7100,272.4200,4300758
ALB,2026-05-14,198.0000,198.1000,188.2999,191.1000,2168597
ALB,2026-05-15,185.0600,185.0600,179.5700,180.3800,2582668
ALB,2026-05-18,181.3100,182.2800,174.0200,175.7400,1944556
ALB,2026-05-19,172.5100,173.3800,165.6700,169.0000,2097390
ALB,2026-05-20,170.0000,171.1900,167.1375,170.2100,2315869
ALB,2026-05-21,171.5300,171.5300,167.5400,169.9000,1396529
ALB,2026-05-22,171.5900,175.2100,169.3200,171.5800,1676728
ALB,2026-05-26,175.0150,179.7000,173.8400,174.6900,2278966
ALB,2026-05-27,172.0100,180.2600,171.0000,177.4700,1922874
ALB,2026-05-28,177.3000,178.1900,175.6000,176.3200,1718131
ALB,2026-05-29,177.1400,180.0000,173.5100,176.4200,2542588
ALB,2026-06-01,176.3800,176.3800,170.0100,171.1300,2177488
ALB,2026-06-02,170.2300,173.8400,163.5900,171.7700,2635983
ALB,2026-06-03,170.2400,172.2600,166.7800,168.3400,1711191
ALB,2026-06-04,165.1500,168.2399,163.6800,165.6500,1761503
ALB,2026-06-05,162.2900,163.3750,155.1300,155.4400,1790567
ALB,2026-06-08,158.0200,158.0900,149.0300,149.8400,3057450
ALB,2026-06-09,155.4400,156.6800,147.7001,152.7900,2583110
ALB,2026-06-10,151.1600,151.4100,146.7600,147.2200,2153169
ALB,2026-06-11,151.3200,159.7350,151.3200,159.0600,2233909
ALB,2026-06-12,161.5800,174.3300,161.5800,170.4200,3265097
ALB,2026-06-15,171.7600,173.2600,165.5000,168.9000,2843422
ALB,2026-06-16,167.6600,170.4899,165.3350,166.1100,1498058
ALB,2026-06-17,167.8500,171.0000,165.8100,166.5600,2682591
ALB,2026-06-18,167.6000,168.8200,154.5100,160.3500,4385430
ALB,2026-06-22,160.3600,160.3600,152.5000,156.6900,2043778
ALB,2026-06-23,150.2300,152.9400,149.0000,149.9800,1950889
ALB,2026-06-24,148.0000,150.5000,146.4000,147.8400,1926442
ALB,2026-06-25,143.4000,144.7710,138.5100,141.0500,3056245
ALB,2026-06-26,137.1600,137.6700,132.3300,133.7000,4692354
ALB,2026-06-29,133.0000,134.4000,127.5100,129.7200,3363419
ALB,2026-06-30,136.0000,139.2800,133.1350,135.0300,3559636
ALB,2026-07-01,133.6250,139.2500,133.6250,136.0800,2413473
ALB,2026-07-02,134.6000,139.8800,133.0200,135.5600,2572824
ALB,2026-07-06,135.8600,137.4300,132.6592,133.8000,1531548
ALB,2026-07-07,128.8400,131.9700,127.2700,129.0200,2184253
ALB,2026-07-08,126.2000,129.6500,124.5800,129.3800,2076126
ALB,2026-07-09,129.0900,131.1500,126.4525,128.4200,1362083
ALB,2026-07-10,128.9900,129.1075,125.9225,126.0500,1465743
ALB,2026-07-13,126.1100,128.4800,124.6500,125.7900,1215069
ALB,2026-07-14,129.0000,130.6100,127.7200,128.7500,2234060
ALB,2026-07-15,126.8200,127.8700,122.0900,124.7400,1617938
ALB,2026-07-16,121.6900,122.5000,117.5850,119.4600,2263282
ALB,2026-07-17,116.4100,122.2600,116.4100,120.7800,2286461
ALB,2026-07-20,121.0000,121.5000,116.8600,118.2000,2216392
ALB,2026-07-21,119.3600,119.5500,115.6000,118.6200,2746805
ALB,2026-07-22,119.4000,123.3100,116.9000,117.4500,2610092
ALB,2026-07-23,119.2100,120.8000,115.9700,116.9100,1822646
ALB,2026-07-24,116.6200,119.6000,114.7450,114.8500,1638310
ALB,2026-07-27,114.9200,117.1850,113.7450,116.1800,2392556
ALB,2026-07-28,115.0600,115.7850,111.5500,113.1600,2304586
ALB,2026-07-29,115.2900,117.0000,112.2200,113.8800,2295810
ALB,2026-07-30,116.4700,118.5550,115.9400,117.7600,2180134
ALB,2026-07-31,116.8000,118.7900,116.0000,117.6400,3649525
ALB,2026-08-03,116.2000,120.3700,115.5900,118.7100,2150180
ALB,2026-08-04,120.4300,121.8131,119.2345,120.8200,2293053
ALB,2026-08-05,122.0500,122.9800,118.4100,118.8400,2690373
ALB,2026-08-06,127.7300,129.9800,123.5400,125.4200,4201374
ALB,2026-08-07,129.2500,132.9900,125.6400,131.1100,2632637
ALB,2026-08-10,131.3800,133.2200,129.0000,131.2100,2424764
ALB,2026-08-11,130.4500,132.4700,128.6200,129.3600,1482496
ALB,2026-08-12,131.7700,132.3300,127.5600,128.3400,1921943
ALB,2026-08-13,128.0000,133.6700,127.1200,130.4800,2106148
ALB,2026-08-14,132.0300,137.3150,131.6490,136.1500,2340792
ALB,2026-08-17,135.1400,135.4500,132.1900,133.9900,1976778
ALB,2026-08-18,131.0000,132.9319,129.8500,132.7100,1277758
ALB,2026-08-19,134.4100,135.9500,131.1850,134.2800,1545248
ALB,2026-08-20,132.8950,136.0600,132.8000,134.1900,1618922
ALB,2026-08-21,139.8500,143.9402,139.2182,143.2500,3308524
ALB,2026-08-24,143.2500,144.0550,140.0000,141.5100,2175070
ALB,2026-08-25,136.3000,137.2000,132.1300,133.1800,2271724
ALB,2026-08-26,132.5700,135.4900,131.0000,134.5100,1541111
ALB,2026-08-27,134.9100,136.8900,132.4400,135.7700,1109626
ALB,2026-08-28,138.7500,141.2199,135.7264,137.3600,1446768
ALB,2026-08-31,137.5800,138.0150,133.5400,134.9700,1982918
ALB,2026-09-01,132.0000,138.0800,131.4100,135.5400,1553569
ALB,2026-09-02,133.9400,138.0500,132.9300,137.7500,2395024
ALB,2026-09-03,135.9900,138.0450,131.9300,132.1600,2865275
ALB,2026-09-04,126.9000,129.2500,122.4500,126.2800,3240466
ALB,2026-09-08,126.0600,131.3100,125.4300,129.5700,4964580
ALB,2026-09-09,130.4800,131.3000,123.9350,125.9100,2589030
ALB,2026-09-10,123.5400,125.5700,122.0000,122.1100,2013711
ALB,2026-09-11,121.0000,121.5550,117.2350,117.5200,2392136
ALB,2026-09-14,116.0600,117.0000,114.2700,115.0300,2101107
ALB,2026-09-15,115.2800,115.7500,112.5000,113.4500,2336357
ALB,2026-09-16,114.0000,114.6300,107.9000,109.4700,2748563
ALB,2026-09-17,112.5000,116.3000,112.5000,115.0500,2161860
ALB,2026-09-18,115.1000,115.1275,110.4200,110.9100,4968017
ALB,2026-09-21,113.5000,114.4900,111.5700,112.9200,1908295
ALB,2026-09-22,113.6200,117.5900,112.8000,116.8000,4100392
ALB,2026-09-23,114.1700,115.0750,112.3075,113.4700,2202539
ALB,2026-09-24,110.0000,110.5000,108.2100,108.2500,2502517
ALB,2026-09-25,108.7900,112.0700,108.3000,109.7300,1990117
ALB,2026-09-28,107.5000,108.7000,104.6600,107.3900,2662161
ALB,2026-09-29,107.9300,108.0000,106.0500,107.6200,1782610
ALB,2026-09-30,107.6000,107.7850,105.6200,105.7800,1697663
ALB,2026-10-01,104.1000,105.9800,102.3700,105.0300,1948166
ALB,2026-10-02,105.3500,106.2900,103.1900,104.5900,2004939
ALB,2026-10-05,105.1900,105.6650,103.5900,104.3700,2029200
ALB,2026-10-06,105.4100,107.5900,104.9750,106.3500,1497370
AMAT,2026-05-18,441.3100,441.7100,408.0900,413.5700,8264953
AMAT,2026-05-19,404.3700,415.4641,397.3701,406.9100,8418715
AMAT,2026-05-20,416.4450,427.5000,415.8500,426.8500,6866692
AMAT,2026-05-21,424.1850,430.9800,421.6090,427.3600,5682855
AMAT,2026-05-22,434.3450,438.1250,430.2900,432.1600,4892619
AMAT,2026-05-26,444.7380,456.7800,438.0000,454.8900,8052479
AMAT,2026-05-27,461.2150,462.4000,441.1200,448.2500,5053494
AMAT,2026-05-28,446.1300,457.6800,438.2500,449.6800,5675579
AMAT,2026-05-29,452.7700,460.4600,445.7000,450.0600,8549508
AMAT,2026-06-01,444.5400,463.8799,438.2200,458.1700,6613740
AMAT,2026-06-02,465.3000,491.5100,461.4500,490.0500,10440669
AMAT,2026-06-03,487.9500,508.2599,487.3600,500.7700,8964923
AMAT,2026-06-04,485.6550,510.7500,480.1100,501.7000,6728982
AMAT,2026-06-05,479.7100,484.9000,452.9050,453.0100,11909363
AMAT,2026-06-08,476.0000,497.7100,471.1150,492.1700,9726918
AMAT,2026-06-09,501.7200,525.9799,466.5100,499.2100,11731669
AMAT,2026-06-10,502.7900,534.4400,494.8800,497.0100,11393843
AMAT,2026-06-11,522.4850,557.6200,519.9000,552.6400,12427690
AMAT,2026-06-12,548.6200,569.9500,544.0700,567.2500,8064479
AMAT,2026-06-15,589.9800,599.6200,580.5100,585.7800,11664375
AMAT,2026-06-16,581.9850,600.9100,567.6500,568.2300,10906131
AMAT,2026-06-17,592.0150,623.3500,590.8250,592.9200,11045453
AMAT,2026-06-18,622.5200,638.9000,612.5000,617.1100,16781180
AMAT,2026-06-22,626.2200,641.1800,620.6850,640.1800,10737316
AMAT,2026-06-23,581.9250,592.5000,573.5100,585.8800,12035065
AMAT,2026-06-24,585.2400,594.2650,569.4900,588.9700,10726663
AMAT,2026-06-25,637.7350,669.2200,609.7001,668.0000,16508296
AMAT,2026-06-26,642.7590,660.1900,622.0000,626.8400,28138620
AMAT,2026-06-29,635.4300,708.9900,632.1100,694.6400,14165300
AMAT,2026-06-30,697.5000,739.6700,696.0000,723.0000,16461221
AMAT,2026-07-01,668.4050,693.7800,639.0600,650.9100,16089190
AMAT,2026-07-02,656.6900,656.9980,581.9000,603.0400,15096149
AMAT,2026-07-06,627.7550,629.0000,591.6800,592.7900,8622756
AMAT,2026-07-07,545.3500,558.2800,527.6300,554.5000,12552356
AMAT,2026-07-08,547.1000,578.1400,546.1800,570.5000,7535701
AMAT,2026-07-09,627.3050,629.9800,585.4500,588.6600,14417965
AMAT,2026-07-10,578.2400,609.2200,573.3900,602.5000,6279311
AMAT,2026-07-13,582.0100,590.0200,568.1542,575.3900,7561666
AMAT,2026-07-14,613.9000,614.1350,584.0000,595.7000,6513928
AMAT,2026-07-15,610.3800,611.7200,557.1600,579.4300,8168229
AMAT,2026-07-16,562.5400,591.0880,557.2700,560.9300,8406098
AMAT,2026-07-17,532.4000,551.1800,513.2200,529.6600,10326483
AMAT,2026-07-20,545.6300,554.9900,522.9600,525.7000,6558316
AMAT,2026-07-21,564.9500,572.5000,552.0000,564.5500,7636381
AMAT,2026-07-22,544.3050,563.3418,543.1800,553.9200,4963482
AMAT,2026-07-23,548.9650,576.4900,547.3900,562.8000,5706355
AMAT,2026-07-24,556.2100,562.8000,530.0101,536.2500,6262153
AMAT,2026-07-27,539.5400,548.5500,493.6400,516.8900,8011383
AMAT,2026-07-28,490.9200,495.0000,467.0100,476.4600,9891288
AMAT,2026-07-29,463.4200,475.0000,436.3300,436.4500,10166927
AMAT,2026-07-30,482.4800,508.5400,476.1200,501.7700,12166310
AMAT,2026-07-31,531.6900,536.5400,502.9100,507.6700,7411547
AMAT,2026-08-03,498.8600,519.5000,491.6800,518.2100,5978907
AMAT,2026-08-04,544.6500,549.6700,535.5547,546.6200,7971702
AMAT,2026-08-05,544.5050,554.0800,530.5700,534.2400,5358120
AMAT,2026-08-06,525.3400,539.5000,511.0500,527.4800,4173206
AMAT,2026-08-07,539.5900,545.9400,528.0000,539.1400,4555017
AMAT,2026-08-10,555.0000,555.3200,521.5700,522.1200,7019379
AMAT,2026-08-11,539.9900,539.9900,522.6550,525.6100,6973829
AMAT,2026-08-12,548.0000,553.7500,544.8950,548.1500,7495034
AMAT,2026-08-13,548.8100,563.7550,531.7900,534.5400,12963253
AMAT,2026-08-14,499.4000,523.0000,497.1000,507.1800,13132344
AMAT,2026-08-17,518.0000,539.8100,515.1200,535.3100,9624104
AMAT,2026-08-18,507.3700,516.8300,497.7300,514.3300,8611917
AMAT,2026-08-19,508.4100,513.4800,488.5500,496.1700,6571244
AMAT,2026-08-20,489.5800,499.8900,487.4701,496.2100,6604475
AMAT,2026-08-21,503.0000,503.5000,483.1300,492.3200,5533479
AMAT,2026-08-24,481.8750,489.7400,473.6700,484.1900,9268259
AMAT,2026-08-25,490.0600,492.3000,475.8800,480.0400,5193985
AMAT,2026-08-26,479.7400,480.6699,472.4000,479.7600,5192988
AMAT,2026-08-27,481.4950,484.9800,471.0000,482.3600,6290727
AMAT,2026-08-28,476.2600,477.9650,460.5100,461.6700,6531804
AMAT,2026-08-31,462.4100,465.9000,453.9100,458.3900,6177322
AMAT,2026-09-01,450.7200,451.4500,438.8300,441.8500,7150153
AMAT,2026-09-02,443.5000,443.5000,433.5700,438.4600,6523059
AMAT,2026-09-03,432.4150,437.1433,426.1300,435.9100,6004455
AMAT,2026-09-04,452.5000,460.2000,443.3600,454.7100,6016831
AMAT,2026-09-08,464.0200,472.8900,458.1518,472.7900,6312985
AMAT,2026-09-09,466.6600,474.0400,463.7800,468.8500,3945491
AMAT,2026-09-10,455.4000,460.8600,450.5600,454.0100,4844231
AMAT,2026-09-11,461.1900,464.5700,452.7000,456.4900,4317585
AMAT,2026-09-14,422.2000,432.5100,419.6000,424.2100,8064762
AMAT,2026-09-15,429.8500,429.9900,416.7600,421.1700,5638863
AMAT,2026-09-16,429.7300,430.7400,411.5100,415.3800,5511015
AMAT,2026-09-17,427.5750,428.5400,413.5600,417.4000,6929255
AMAT,2026-09-18,421.6900,445.0000,420.0000,444.5700,14302926
AMAT,2026-09-21,455.9450,468.5100,452.6550,464.2400,9491072
AMAT,2026-09-22,457.9000,472.4900,453.3400,472.4600,5807681
AMAT,2026-09-23,471.2300,474.9000,461.0000,474.3800,4591336
AMAT,2026-09-24,463.7900,474.8000,460.5500,474.2500,4165370
AMAT,2026-09-25,478.8850,487.6800,476.3600,485.0000,5206496
AMAT,2026-09-28,482.2000,487.4500,471.3800,486.7600,6092091
AMAT,2026-09-29,504.7100,513.2800,499.1700,512.0100,7161242
AMAT,2026-09-30,513.8200,515.4200,506.7800,511.3800,6265867
AMAT,2026-10-01,516.6500,533.8800,515.5100,529.3000,6089343
AMAT,2026-10-02,543.2050,547.2500,535.1000,540.0400,6080420
AMAT,2026-10-05,540.9900,545.8140,533.5900,542.2800,4648524
AMAT,2026-10-06,546.0000,546.0000,526.5200,530.2700,4884803
AMAT,2026-10-07,516.9100,524.9300,514.0100,520.6500,3780119
AMAT,2026-10-08,509.4500,523.3400,502.6500,509.5700,6319265
AME,2026-05-18,227.2800,227.9400,225.1504,225.6600,1016217
AME,2026-05-19,222.0100,223.5250,220.0000,221.2800,1003586
AME,2026-05-20,222.4200,224.8200,220.5100,224.7100,1102548
AME,2026-05-21,223.4000,224.7100,221.0100,223.1700,1046818
AME,2026-05-22,224.5200,225.5750,221.6750,224.5200,891699
AME,2026-05-26,225.9500,230.3700,224.2545,229.4400,1143014
AME,2026-05-27,228.8100,228.9900,226.2400,226.3800,1102403
AME,2026-05-28,224.4400,226.1600,221.4200,225.4500,1327939
AME,2026-05-29,225.0100,227.3000,223.1375,225.8500,2103101
AME,2026-06-01,222.5900,224.7200,220.0950,223.3600,1186259
AME,2026-06-02,225.1900,228.3900,224.5300,227.7300,927624
AME,2026-06-03,228.1100,230.4200,226.1700,228.2300,874877
AME,2026-06-04,228.7100,230.3800,228.0000,228.7600,975952
AME,2026-06-05,228.0000,228.8800,225.5950,226.5500,999909
AME,2026-06-08,228.2700,228.5650,225.4950,225.9500,1412115
AME,2026-06-09,228.0200,231.9300,225.5350,229.8000,1459557
AME,2026-06-10,228.5300,229.1200,220.9950,221.7800,912842
AME,2026-06-11,224.1100,227.1846,222.3901,226.2100,1166424
AME,2026-06-12,228.3400,229.1500,225.3900,227.1200,1422104
AME,2026-06-15,229.2100,232.9700,229.1500,230.4500,1676826
AME,2026-06-16,232.0900,234.0800,231.4550,231.9000,906483
AME,2026-06-17,232.5300,235.5299,230.5300,231.2700,1130152
AME,2026-06-18,234.0000,238.6700,234.0000,237.4200,2439232
AME,2026-06-22,238.6800,241.6200,237.6800,241.5500,1939384
AME,2026-06-23,237.6300,237.6300,233.4000,234.0800,1273209
AME,2026-06-24,233.8700,239.8100,233.7550,235.3800,1327759
AME,2026-06-25,236.7100,244.7100,236.1000,240.9500,1218736
AME,2026-06-26,239.7300,239.7300,235.7700,237.5200,1477807
AME,2026-06-29,236.3200,239.0750,235.4600,237.7200,772538
AME,2026-06-30,239.5000,243.2040,238.2900,241.9400,1048625
AME,2026-07-01,241.3200,243.6300,237.0150,237.1300,994008
AME,2026-07-02,238.3200,239.9100,231.2600,234.6200,1041667
AME,2026-07-06,234.9700,238.5650,234.9650,237.1400,846972
AME,2026-07-07,235.2800,237.2600,230.0900,231.7000,1135344
AME,2026-07-08,228.4600,231.7100,226.5100,231.3400,1129372
AME,2026-07-09,234.1700,235.8100,232.3750,232.9900,602392
AME,2026-07-10,234.1400,235.9799,232.7201,233.9800,639696
AME,2026-07-13,233.0100,234.3800,230.1700,232.1000,879313
AME,2026-07-14,235.4400,236.1150,231.9600,233.9600,617063
AME,2026-07-15,235.0000,235.2799,231.0200,233.5200,842538
AME,2026-07-16,231.0700,237.6600,230.3500,237.3000,1159829
AME,2026-07-17,230.8000,237.9900,229.8900,237.0000,1162689
AME,2026-07-20,237.9500,238.9600,233.4500,235.2100,1177884
AME,2026-07-21,237.0800,239.4200,233.9700,237.7600,1215815
AME,2026-07-22,236.7200,239.7599,236.7200,237.0900,855100
AME,2026-07-23,236.0000,241.7600,236.0000,241.1400,1049143
AME,2026-07-24,242.0300,243.6500,240.5350,241.9700,1091413
AME,2026-07-27,242.9300,243.9700,238.1000,243.1200,1016915
AME,2026-07-28,242.3900,244.1600,239.9300,241.4300,1352652
AME,2026-07-29,238.3700,240.8000,233.9850,235.2500,1518573
AME,2026-07-30,240.4400,240.4400,235.9507,240.0100,1071228
AME,2026-07-31,243.5300,244.9700,240.6072,241.7100,1051651
AME,2026-08-03,241.6000,244.7100,240.2100,243.7700,1676575
AME,2026-08-04,256.0000,257.4000,244.0200,254.0500,2617213
AME,2026-08-05,254.4200,257.9450,252.8000,254.7600,1274903
AME,2026-08-06,255.7400,257.3800,250.0000,251.3800,1078951
AME,2026-08-07,252.9600,254.8100,251.4850,253.6600,1001543
AME,2026-08-10,255.2600,256.8900,252.3400,252.8800,999073
AME,2026-08-11,253.0500,257.8700,252.6900,256.3000,824445
AME,2026-08-12,258.9500,259.9900,256.5850,258.5200,1322138
AME,2026-08-13,260.3100,261.1600,255.7100,256.2200,655855
AME,2026-08-14,255.4000,257.7200,254.2700,254.7900,1577127
AME,2026-08-17,253.7400,257.0750,252.8700,254.1700,1931975
AME,2026-08-18,252.5400,253.5300,248.9300,249.9900,1545404
AME,2026-08-19,252.3700,252.8700,243.1000,243.2200,1623278
AME,2026-08-20,241.3300,242.6800,238.1700,239.0800,1607977
AME,2026-08-21,239.9700,240.7400,237.4000,239.5500,1288094
AME,2026-08-24,238.6400,242.5000,237.7900,242.3300,1825282
AME,2026-08-25,246.6000,247.3997,241.3600,241.7700,957608
AME,2026-08-26,243.0100,246.3500,243.0100,245.2000,803632
AME,2026-08-27,245.7000,246.2200,242.8550,243.6700,808503
AME,2026-08-28,244.3600,244.4450,236.0300,236.2500,1746295
AME,2026-08-31,236.0300,236.9800,234.3900,235.1700,2106604
AME,2026-09-01,234.1100,235.7800,229.5950,231.3200,1542650
AME,2026-09-02,233.0300,234.1550,229.9800,233.1900,1318619
AME,2026-09-03,234.1800,234.8800,230.6100,234.2000,1232707
AME,2026-09-04,234.2000,238.8900,234.2000,237.7200,1549726
AME,2026-09-08,237.6700,240.7800,237.5400,237.7600,1104938
AME,2026-09-09,236.1800,237.7100,235.0300,236.2700,1105184
AME,2026-09-10,233.9700,235.9150,232.5000,234.2400,1236150
AME,2026-09-11,237.9100,243.0400,237.7750,241.8700,1312724
AME,2026-09-14,235.9400,238.6650,231.2900,233.6500,1619351
AME,2026-09-15,234.5800,235.2150,232.0100,234.4500,1429384
AME,2026-09-16,234.5900,235.9900,230.0050,232.1900,1359133
AME,2026-09-17,236.2500,236.5400,231.8701,234.3200,1869777
AME,2026-09-18,234.6700,237.9400,233.6200,237.6400,1739947
AME,2026-09-21,239.7900,242.3200,237.7600,241.2300,1351452
AME,2026-09-22,241.8100,246.4900,241.7950,245.4100,1313799
AME,2026-09-23,243.7300,248.5750,243.7300,246.4500,1466646
AME,2026-09-24,244.1800,248.0000,242.1100,247.7400,1992117
AME,2026-09-25,250.0000,252.7800,249.0650,250.7400,1400122
AME,2026-09-28,249.0100,252.6850,248.8700,251.6700,1408437
AME,2026-09-29,251.9400,254.1930,249.5850,250.7800,1189709
AME,2026-09-30,252.6200,253.9042,247.7300,247.7300,1727357
AME,2026-10-01,248.2500,250.6650,245.8000,249.0900,2009465
AME,2026-10-02,252.4100,253.7200,250.1300,251.9300,1588817
AME,2026-10-05,251.9000,254.8000,250.4400,251.9200,1204121
AME,2026-10-06,252.7100,255.4100,251.8350,253.7200,892317
AME,2026-10-07,250.7700,251.8650,246.3700,248.6200,1224536
AME,2026-10-08,248.0000,249.6600,245.6300,247.6000,1206147
BAC,2026-05-18,49.7200,50.9200,49.7200,50.6900,33404075
BAC,2026-05-19,50.7250,51.2750,50.3750,50.7000,44154636
BAC,2026-05-20,50.9900,51.5750,50.4900,51.2300,47321210
BAC,2026-05-21,51.0000,51.5000,50.7550,51.4900,27461928
BAC,2026-05-22,51.6900,52.1500,51.6450,51.8000,26683681
BAC,2026-05-26,52.2200,52.5000,51.8800,52.2000,27397607
BAC,2026-05-27,52.3900,52.4900,50.7600,51.1000,48581474
BAC,2026-05-28,50.9233,51.5000,50.6400,50.7700,48550106
BAC,2026-05-29,50.9700,51.8000,50.6050,51.6000,57930560
BAC,2026-06-01,51.3100,51.8250,50.8500,51.5100,34303714
BAC,2026-06-02,51.2600,52.7100,51.2600,52.4800,42126492
BAC,2026-06-03,52.2550,52.5500,51.2150,52.4000,48065359
BAC,2026-06-04,53.1300,54.3300,52.8000,54.1700,51883552
BAC,2026-06-05,54.1700,54.2800,53.3200,53.8300,38829439
BAC,2026-06-08,53.7150,54.3500,53.5700,53.6300,30332131
BAC,2026-06-09,54.0000,54.6150,53.6500,54.4200,32328966
BAC,2026-06-10,54.5400,55.3000,54.2200,54.5400,37025463
BAC,2026-06-11,54.7150,55.3050,54.0650,55.1600,31746349
BAC,2026-06-12,55.3600,56.1900,55.2600,56.0200,32989015
BAC,2026-06-15,56.6188,57.0000,55.7400,55.8700,31666487
BAC,2026-06-16,56.5000,57.0700,56.2300,56.8400,33409761
BAC,2026-06-17,57.1400,57.9800,56.2950,56.5300,40439271
BAC,2026-06-18,57.2300,57.3300,56.0300,56.2000,70438836
BAC,2026-06-22,56.8500,57.7250,56.8100,57.3700,38653828
BAC,2026-06-23,57.5200,58.0100,57.2000,57.9100,30045715
BAC,2026-06-24,58.2100,58.3300,57.3850,57.7300,30324864
BAC,2026-06-25,57.8500,59.1950,57.8500,58.1900,33759457
BAC,2026-06-26,58.5400,58.6299,57.4400,57.8800,48757636
BAC,2026-06-29,57.7600,58.3350,57.6100,57.8800,28920848
BAC,2026-06-30,57.4700,57.7500,56.8400,56.9800,41324610
BAC,2026-07-01,57.1300,58.4800,56.8450,58.3600,35288360
BAC,2026-07-02,58.9350,59.0000,57.9400,58.7300,29330900
BAC,2026-07-06,59.1400,59.9400,58.9200,59.9000,34645416
BAC,2026-07-07,60.2850,60.8250,59.7850,59.8600,29306142
BAC,2026-07-08,59.3700,59.5650,58.3000,58.3000,29802437
BAC,2026-07-09,58.4500,59.4300,58.4100,59.2500,29203372
BAC,2026-07-10,59.6400,59.8700,59.3900,59.6700,21916580
BAC,2026-07-13,59.7000,60.0500,58.8450,59.5000,27837785
BAC,2026-07-14,59.0000,61.2100,58.6700,60.6200,49432687
BAC,2026-07-15,61.3200,62.0300,61.1100,61.5900,43361012
BAC,2026-07-16,61.9800,62.0000,60.9900,61.4900,37351888
BAC,2026-07-17,61.2500,62.1150,60.6600,61.2700,45045229
BAC,2026-07-20,61.3500,61.4854,60.3650,60.4200,30741098
BAC,2026-07-21,60.9000,61.5325,60.0650,61.2200,31631582
BAC,2026-07-22,61.4000,61.8950,61.1500,61.6200,51484899
BAC,2026-07-23,61.3500,61.5000,60.7050,61.2800,29253247
BAC,2026-07-24,61.5300,62.2750,61.2800,62.0500,29035417
BAC,2026-07-27,62.5150,62.9850,61.8400,62.1300,36903341
BAC,2026-07-28,62.3000,62.6600,61.9000,62.6200,28737891
BAC,2026-07-29,62.5100,62.6500,60.9100,61.0700,37919014
BAC,2026-07-30,61.5200,61.9300,61.0300,61.7300,24848600
BAC,2026-07-31,61.5400,62.2400,61.5400,61.9500,27301147
BAC,2026-08-03,62.2600,62.5100,61.7100,62.4800,24013692
BAC,2026-08-04,62.4700,63.5400,62.3500,62.9000,28242108
BAC,2026-08-05,63.0000,63.5650,62.8300,63.2500,30265954
BAC,2026-08-06,63.9100,63.9700,62.7250,63.0000,24482914
BAC,2026-08-07,62.7100,63.2150,62.3900,63.1700,22620522
BAC,2026-08-10,63.1600,64.0000,63.0000,63.8600,25400368
BAC,2026-08-11,63.9800,64.2700,63.7100,64.0000,20738590
BAC,2026-08-12,64.1200,64.9500,63.8400,64.8100,27541549
BAC,2026-08-13,65.2000,65.2000,63.8950,64.0900,27306409
BAC,2026-08-14,64.0400,64.5500,63.8100,64.4900,21847926
BAC,2026-08-17,64.4000,65.2250,63.8800,63.8900,27349446
BAC,2026-08-18,64.0000,64.3950,63.5720,64.2300,28773974
BAC,2026-08-19,64.2000,64.4333,62.9750,63.1700,24082606
BAC,2026-08-20,63.0600,63.2399,61.8100,61.8600,34979448
BAC,2026-08-21,62.3300,62.5200,61.5200,61.6900,33434828
BAC,2026-08-24,61.7400,62.7600,61.5200,62.3300,27351367
BAC,2026-08-25,62.1950,62.7500,61.8700,62.4300,23391389
BAC,2026-08-26,62.3900,62.5800,61.9350,62.2300,22537067
BAC,2026-08-27,61.7500,62.0176,61.1010,61.1700,49432085
BAC,2026-08-28,61.3800,62.5600,61.3600,62.3200,33517994
BAC,2026-08-31,62.2500,62.4900,61.9000,61.9400,43470374
BAC,2026-09-01,61.9700,62.8250,61.7235,61.9900,25056390
BAC,2026-09-02,62.2800,63.5500,61.9400,62.6000,28435758
BAC,2026-09-03,62.8100,63.2700,62.3200,63.0400,29951603
BAC,2026-09-04,62.5600,62.9183,61.9600,62.6800,26589402
BAC,2026-09-08,62.4900,62.8200,62.1100,62.3900,28339827
BAC,2026-09-09,61.9700,63.1900,61.4250,62.6700,36025057
BAC,2026-09-10,62.6450,63.0100,62.2200,62.5600,29364835
BAC,2026-09-11,63.2250,63.8300,62.3750,62.6900,28877548
BAC,2026-09-14,62.3350,62.4350,58.9200,59.4700,64773953
BAC,2026-09-15,59.3650,59.9200,58.7700,59.5200,50859668
BAC,2026-09-16,59.2700,59.3900,57.1800,57.9000,50145197
BAC,2026-09-17,58.4000,58.4950,57.4200,58.1800,36733116
BAC,2026-09-18,57.5200,58.2300,57.5200,57.7300,52483860
BAC,2026-09-21,58.0500,58.2800,57.4650,57.9600,33228141
BAC,2026-09-22,58.1000,58.1150,56.0650,56.2000,45137809
BAC,2026-09-23,55.9200,56.4800,55.7350,56.0000,36727762
BAC,2026-09-24,56.3900,56.5300,55.8400,56.0300,40990256
BAC,2026-09-25,56.3100,56.7450,55.8650,56.7000,28601302
BAC,2026-09-28,56.4150,56.6700,55.3650,55.4700,29170534
BAC,2026-09-29,55.4000,55.5500,54.7339,54.9600,31666585
BAC,2026-09-30,54.9200,55.1100,54.3850,54.4300,34023701
BAC,2026-10-01,53.9100,54.3400,52.8900,53.7300,60049479
BAC,2026-10-02,53.8900,54.0000,53.3050,53.7500,35089448
BAC,2026-10-05,54.0400,54.3395,53.6900,54.0000,34994383
BAC,2026-10-06,54.2700,54.4550,53.8800,54.0900,25380099
BAC,2026-10-07,53.1900,53.6800,52.9100,53.5200,30922549
BAC,2026-10-08,53.0900,53.6000,52.2400,53.5900,59746862
BKH,2026-05-18,73.7100,74.8600,73.4500,73.9800,1076840
BKH,2026-05-19,73.5500,74.1100,73.2000,73.2900,733127
BKH,2026-05-20,73.4700,74.1600,72.9700,73.8400,718247
BKH,2026-05-21,73.4000,74.3100,73.1750,74.1600,722874
BKH,2026-05-22,74.0500,74.7000,73.4100,74.2900,626834
BKH,2026-05-26,74.4700,75.1200,74.1900,74.7600,449999
BKH,2026-05-27,74.6400,75.1500,74.0000,74.5000,724823
BKH,2026-05-28,74.2000,74.7300,73.0550,73.0900,612862
BKH,2026-05-29,73.2600,73.8400,72.7100,72.8200,986967
BKH,2026-06-01,72.3300,72.6700,70.3900,70.4200,997871
BKH,2026-06-02,70.5300,72.4000,70.5300,72.0500,953242
BKH,2026-06-03,71.6900,73.2400,70.7600,71.4700,1608753
BKH,2026-06-04,72.3600,72.3600,70.7200,71.9000,901524
BKH,2026-06-05,72.3000,73.4150,71.9400,72.7800,1107626
BKH,2026-06-08,72.4200,73.3600,71.8900,72.1900,1237312
BKH,2026-06-09,72.0850,72.9999,67.4700,67.7800,3640891
BKH,2026-06-10,69.5900,72.4700,69.5900,71.9400,2318437
BKH,2026-06-11,73.1300,73.6300,71.6800,71.7800,1240195
BKH,2026-06-12,71.9700,73.8400,71.8900,73.5000,763144
BKH,2026-06-15,72.5100,74.1650,72.0200,73.8000,861144
BKH,2026-06-16,74.2400,74.4600,72.5200,73.5100,869300
BKH,2026-06-17,73.5100,73.7100,71.6300,72.0400,1034366
BKH,2026-06-18,72.3100,73.0000,71.8100,72.7500,1258282
BKH,2026-06-22,72.5500,73.5400,72.5500,72.9200,1169585
BKH,2026-06-23,73.2700,73.9300,72.6300,73.8400,741239
BKH,2026-06-24,74.1600,74.6800,73.5601,74.5600,616384
BKH,2026-06-25,74.9900,75.0575,74.1000,74.3100,507646
BKH,2026-06-26,74.9400,76.3000,74.7400,76.0400,2010112
BKH,2026-06-29,75.3700,75.5900,74.0950,75.2500,940701
BKH,2026-06-30,75.1100,75.3100,74.3100,74.4000,688464
BKH,2026-07-01,74.5400,74.9000,73.5800,73.6400,601760
BKH,2026-07-02,74.1300,74.6050,73.2400,73.7900,934104
BKH,2026-07-06,73.4900,74.3200,72.1200,72.1600,899275
BKH,2026-07-07,72.9000,74.2900,72.6850,73.2500,624590
BKH,2026-07-08,73.1100,74.2300,72.6400,72.9000,748450
BKH,2026-07-09,72.8200,73.9500,72.8200,73.2800,982748
BKH,2026-07-10,73.9500,75.7680,73.3700,75.2100,965325
BKH,2026-07-13,75.4300,76.4000,75.3800,75.8000,808517
BKH,2026-07-14,76.3900,76.6200,74.9800,75.5400,708726
BKH,2026-07-15,75.4000,75.6400,74.1500,74.2100,651078
BKH,2026-07-16,74.3500,75.9150,74.3500,75.8100,928960
BKH,2026-07-17,76.5200,76.7400,74.4200,74.6100,892777
BKH,2026-07-20,74.6600,75.6700,74.2950,74.4800,581556
BKH,2026-07-21,74.2000,74.5650,73.4100,74.3000,579988
BKH,2026-07-22,74.6900,75.1060,74.0700,74.9800,501099
BKH,2026-07-23,74.1300,75.4000,73.8900,75.1000,421813
BKH,2026-07-24,75.4300,75.8425,74.8900,75.2900,696432
BKH,2026-07-27,75.1600,75.6810,74.4500,74.6600,499168
BKH,2026-07-28,74.9300,75.9900,74.7400,74.8000,615840
BKH,2026-07-29,74.7800,74.9650,72.7100,72.9400,770227
BKH,2026-07-30,73.1900,73.6000,71.9900,72.2300,539109
BKH,2026-07-31,71.8900,72.2200,70.9250,71.2100,964002
BKH,2026-08-03,71.2000,72.2400,70.7900,71.2300,885041
BKH,2026-08-04,71.4800,72.4150,70.5200,72.2400,911080
BKH,2026-08-05,72.2700,72.2700,70.7950,71.7200,774973
BKH,2026-08-06,73.0000,73.6900,72.0300,72.7500,1638095
BKH,2026-08-07,71.9800,75.3100,71.9800,74.6500,918907
BKH,2026-08-10,74.2100,74.8200,73.0100,73.7000,1059515
BKH,2026-08-11,73.8000,74.2300,72.8600,73.2600,631330
BKH,2026-08-12,73.5800,74.0604,73.0100,73.1600,666161
BKH,2026-08-13,73.6300,74.3950,73.6300,73.9400,645795
BKH,2026-08-14,73.7300,74.6100,73.7300,74.2900,500338
BKH,2026-08-17,73.2800,73.5350,72.7150,73.3900,771458
BKH,2026-08-18,73.1400,74.0600,73.0292,73.1500,890694
BKH,2026-08-19,73.8300,73.8300,72.5900,73.1900,984861
BKH,2026-08-20,72.8800,74.1000,72.8000,73.2900,555186
BKH,2026-08-21,73.4200,73.6600,71.6200,71.6900,742897
BKH,2026-08-24,71.7200,72.3200,71.2000,72.0300,472510
BKH,2026-08-25,72.3300,73.4900,71.8100,73.0200,1045901
BKH,2026-08-26,73.1800,74.1600,73.1800,73.7800,762352
BKH,2026-08-27,73.0000,73.6950,72.5800,73.4200,605203
BKH,2026-08-28,73.8700,73.9700,72.4700,72.8000,600569
BKH,2026-08-31,72.2500,72.3250,71.2200,71.6800,789442
BKH,2026-09-01,71.9400,72.6300,71.6600,72.4000,594748
BKH,2026-09-02,72.4100,73.1200,71.7200,72.5900,983794
BKH,2026-09-03,72.9800,73.5550,72.5300,73.3000,1002316
BKH,2026-09-04,72.8300,73.6200,72.7500,73.2100,716755
BKH,2026-09-08,73.2000,74.7600,73.1994,74.1900,689065
BKH,2026-09-09,74.3900,74.3900,72.6600,72.8200,665430
BKH,2026-09-10,73.1600,73.3800,72.2700,72.2800,1021804
BKH,2026-09-11,72.8300,72.8800,71.3000,71.3000,1024664
BKH,2026-09-14,71.4600,71.6250,70.5300,70.6200,743561
BKH,2026-09-15,70.7400,70.8000,69.2900,69.9600,1018875
BKH,2026-09-16,70.2600,71.1600,70.1100,70.5000,714657
BKH,2026-09-17,70.6900,71.9300,70.4900,71.3200,997598
BKH,2026-09-18,70.8900,71.1450,69.7800,70.4500,2048423
BKH,2026-09-21,72.8000,73.4100,71.3800,71.9600,1181027
BKH,2026-09-22,71.9600,73.4600,71.4900,71.7700,1158128
BKH,2026-09-23,71.3400,71.4600,70.4300,70.5100,953845
BKH,2026-09-24,70.5200,70.7500,69.6900,69.9300,890396
BKH,2026-09-25,70.1100,70.8600,69.6100,70.4600,1864515
BKH,2026-09-28,70.5300,70.5300,67.5400,69.7300,1708291
BKH,2026-09-29,69.5600,70.5200,69.1800,70.2700,863505
BKH,2026-09-30,70.6200,70.7650,69.9800,70.0800,1050868
BKH,2026-10-01,69.6200,70.4600,68.7700,70.1400,901724
BKH,2026-10-02,70.6100,71.9900,70.5300,70.9600,814091
BKH,2026-10-05,70.9600,71.3500,70.1700,70.4800,1073782
BKH,2026-10-06,70.8100,71.4700,70.6300,70.7400,1167346
BKH,2026-10-07,74.7900,77.9750,74.2000,75.8400,4209977
BKH,2026-10-08,75.5100,76.7100,73.8700,76.5000,2015540
BKR,2026-05-14,64.6300,65.5600,64.1500,64.6100,5912898
BKR,2026-05-15,64.6100,65.0500,64.0300,64.1200,7867505
BKR,2026-05-18,64.1200,66.2600,63.7200,66.2050,7541828
BKR,2026-05-19,66.4200,66.4900,65.1700,65.4700,9083799
BKR,2026-05-20,65.7600,67.4300,65.7600,66.7900,8693808
BKR,2026-05-21,67.4000,67.6300,65.6650,65.8000,6403792
BKR,2026-05-22,65.4000,66.5000,64.6150,66.0600,8384059
BKR,2026-05-26,66.0600,67.9200,65.8150,66.7300,8303809
BKR,2026-05-27,65.2600,65.3100,62.5630,63.2000,8618529
BKR,2026-05-28,63.8600,64.7500,62.3850,64.7100,9186617
BKR,2026-05-29,64.4300,65.1100,63.7800,63.8800,14363860
BKR,2026-06-01,63.6100,63.6900,62.3400,62.9700,5840055
BKR,2026-06-02,62.5600,64.6000,62.5500,64.5400,5429453
BKR,2026-06-03,64.2200,64.9250,63.7100,64.2700,6247132
BKR,2026-06-04,64.2400,66.2400,63.8800,66.1100,6407176
BKR,2026-06-05,65.4500,65.5600,62.5800,62.5900,7172949
BKR,2026-06-08,63.7600,65.2300,63.7100,64.8400,6131142
BKR,2026-06-09,65.4450,65.4450,62.5600,63.5500,6599598
BKR,2026-06-10,63.3800,64.3000,63.0100,63.0200,5779141
BKR,2026-06-11,63.9700,64.4700,62.6850,63.4800,6552220
BKR,2026-06-12,63.1800,63.8000,62.5000,63.1400,7098335
BKR,2026-06-15,62.3800,62.7700,61.4438,62.4600,7437027
BKR,2026-06-16,61.6250,62.4800,61.2800,61.5200,6106891
BKR,2026-06-17,61.2500,61.4200,59.9300,60.0700,6158159
BKR,2026-06-18,59.9050,60.0000,57.9800,58.4100,17607054
BKR,2026-06-22,58.8000,59.4200,57.4900,59.1500,8686148
BKR,2026-06-23,58.6300,59.3400,58.2200,58.6800,6471462
BKR,2026-06-24,57.1800,57.4650,55.5600,56.3800,12636066
BKR,2026-06-25,55.9950,57.8050,55.6850,56.9400,10583446
BKR,2026-06-26,56.2500,56.9700,56.0152,56.5600,8969106
BKR,2026-06-29,56.1620,57.4850,56.0900,56.3100,5859754
BKR,2026-06-30,56.5400,57.3800,55.3900,55.5000,14469759
BKR,2026-07-01,55.0500,55.3500,53.6900,53.8200,9490741
BKR,2026-07-02,53.8800,54.3500,52.2700,52.7800,12191791
BKR,2026-07-06,53.2380,54.3800,53.0000,53.2500,15986189
BKR,2026-07-07,53.2700,54.8900,53.2700,54.4700,7755709
BKR,2026-07-08,55.8540,57.6700,55.1400,57.5800,16775572
BKR,2026-07-09,57.6740,57.8000,56.7900,57.2000,7668753
BKR,2026-07-10,57.2000,57.8350,57.1500,57.5600,5286475
BKR,2026-07-13,58.1000,59.1300,57.5000,57.6600,6118401
BKR,2026-07-14,58.4900,58.8500,57.0150,57.7750,6316257
BKR,2026-07-15,57.7500,58.0650,55.9500,57.2500,8258026
BKR,2026-07-16,57.0500,57.5000,56.3203,56.5400,7730979
BKR,2026-07-17,56.6600,56.7600,55.5600,55.9500,11591799
BKR,2026-07-20,56.2400,56.2400,55.0500,55.1500,5745831
BKR,2026-07-21,55.7500,56.9250,54.4200,56.3800,11984034
BKR,2026-07-22,56.9100,57.6300,56.3200,56.6000,9565907
BKR,2026-07-23,57.6400,57.8250,55.9950,56.0900,9730946
BKR,2026-07-24,57.0100,58.2000,57.0100,57.2500,9878858
BKR,2026-07-27,60.6250,62.6700,59.8400,60.5900,15188574
BKR,2026-07-28,60.1000,60.9900,57.8700,58.4600,12312475
BKR,2026-07-29,60.4500,60.4650,58.5400,58.7200,20170248
BKR,2026-07-30,59.1800,60.1200,58.7300,59.9000,9296640
BKR,2026-07-31,60.7300,61.2600,59.9900,60.4900,5760926
BKR,2026-08-03,60.0150,60.9750,59.0800,60.8100,6713982
BKR,2026-08-04,60.4400,61.8500,60.1800,61.7300,7363383
BKR,2026-08-05,62.5400,62.5400,61.1150,61.6700,5791801
BKR,2026-08-06,62.3400,63.3100,62.0900,62.7500,4996829
BKR,2026-08-07,62.0900,62.8400,61.5400,61.5500,7322512
BKR,2026-08-10,62.0500,64.2650,62.0000,64.0700,5273506
BKR,2026-08-11,64.2300,64.8450,64.0700,64.8100,5499356
BKR,2026-08-12,64.8100,65.0950,64.2400,64.2800,7498688
BKR,2026-08-13,63.9600,64.0300,62.5000,63.4400,7870781
BKR,2026-08-14,63.5400,65.1700,63.4700,64.8200,6692534
BKR,2026-08-17,65.2600,65.4358,64.1000,64.9000,5895568
BKR,2026-08-18,65.0500,65.2000,64.1600,64.4400,6350267
BKR,2026-08-19,65.1000,65.1800,63.9650,64.4800,4812035
BKR,2026-08-20,64.2000,65.0800,62.6750,62.7800,6291812
BKR,2026-08-21,62.9700,64.0450,62.2900,62.3400,5651356
BKR,2026-08-24,62.0700,62.4699,61.1300,61.9850,5229481
BKR,2026-08-25,62.2700,63.0200,61.7200,61.8200,4808687
BKR,2026-08-26,61.8100,62.4300,60.9300,62.0000,5247614
BKR,2026-08-27,61.7000,63.0900,60.8650,62.1100,8548849
BKR,2026-08-28,62.5000,62.6199,61.6700,62.4100,5705791
BKR,2026-08-31,63.1200,63.9600,62.6900,63.5500,11223875
BKR,2026-09-01,63.8700,64.2750,63.1300,63.6550,6048164
BKR,2026-09-02,63.0200,65.2650,62.7100,64.6300,5193732
BKR,2026-09-03,64.3600,64.9500,63.5900,63.6400,4624777
BKR,2026-09-04,63.0020,63.7350,62.7200,63.5000,5791922
BKR,2026-09-08,63.7900,64.8400,63.3600,63.9200,5891849
BKR,2026-09-09,63.7600,66.0900,63.4700,63.6400,6928929
BKR,2026-09-10,63.6100,63.6800,59.0400,59.4000,11196769
BKR,2026-09-11,59.9850,60.1700,57.2400,59.0600,10197172
BKR,2026-09-14,58.4700,58.9900,56.2450,56.7800,9557718
BKR,2026-09-15,57.1700,57.4800,56.0300,56.7200,8561128
BKR,2026-09-16,56.3300,57.2300,55.4400,56.3200,9549445
BKR,2026-09-17,56.7300,56.9800,55.9100,56.5650,9394360
BKR,2026-09-18,56.3500,57.5700,56.0600,57.2500,21056570
BKR,2026-09-21,57.1700,58.2000,56.6000,57.8300,7974888
BKR,2026-09-22,57.0300,57.5600,56.5700,57.2600,9239036
BKR,2026-09-23,57.2600,58.1600,57.0000,58.0300,8651911
BKR,2026-09-24,58.0800,58.4400,57.1500,57.2900,7082922
BKR,2026-09-25,56.8900,57.9000,56.7500,57.8300,6522252
BKR,2026-09-28,58.0550,58.1900,57.0900,57.1200,7170060
BKR,2026-09-29,56.6600,56.8500,55.8900,55.9200,5486478
BKR,2026-09-30,56.1850,56.4700,54.7900,54.9000,8379185
BKR,2026-10-01,54.5520,56.0700,54.3500,55.6200,6573578
BKR,2026-10-02,55.5300,56.3200,55.3000,56.0000,4222677
BKR,2026-10-05,56.0000,57.9700,55.7300,57.3800,6665306
BKR,2026-10-06,57.1900,57.6100,56.1500,57.1300,4549487
CAH,2026-05-14,186.4400,194.4900,186.4400,194.3800,3623465
CAH,2026-05-15,194.7600,197.0500,193.7260,195.2000,3715526
CAH,2026-05-18,195.3200,201.8000,195.3200,199.7700,2413953
CAH,2026-05-19,200.7900,203.9800,199.6001,200.3700,2804377
CAH,2026-05-20,199.6100,201.0600,198.5800,199.2300,1751076
CAH,2026-05-21,198.0700,201.2400,197.8800,200.6100,2063241
CAH,2026-05-22,201.9800,202.7700,199.6900,200.6800,1537350
CAH,2026-05-26,200.0000,201.4400,199.2500,200.3700,1714940
CAH,2026-05-27,200.5900,201.4700,199.2950,199.8400,1628262
CAH,2026-05-28,199.5400,201.8900,197.6110,199.8500,1916380
CAH,2026-05-29,201.3500,201.5100,196.2000,196.8000,3132473
CAH,2026-06-01,195.3600,196.8500,194.0000,195.1500,2032172
CAH,2026-06-02,194.2000,195.8900,194.2000,194.8800,1786994
CAH,2026-06-03,196.0900,198.0725,195.5100,195.8500,1212654
CAH,2026-06-04,198.9000,201.9499,197.5325,201.7400,2338392
CAH,2026-06-05,203.0800,207.5500,203.0800,205.7100,1591019
CAH,2026-06-08,203.1400,206.4100,201.0000,204.4800,1534780
CAH,2026-06-09,203.2400,212.8300,202.0400,212.6700,3190454
CAH,2026-06-10,214.0000,218.9600,211.4500,216.3000,3820693
CAH,2026-06-11,217.4900,223.8700,217.0450,221.1600,2834231
CAH,2026-06-12,222.4700,224.8800,222.1100,223.8500,2198498
CAH,2026-06-15,222.7800,226.6600,221.0300,226.4000,2397334
CAH,2026-06-16,227.3000,229.7800,225.3700,227.7200,3027719
CAH,2026-06-17,226.0000,229.5450,224.4827,226.2800,2249232
CAH,2026-06-18,226.1700,226.1700,219.4700,221.7700,4196190
CAH,2026-06-22,223.7300,228.4500,222.2750,222.7400,2886148
CAH,2026-06-23,225.2100,229.2600,222.5000,228.9100,2110477
CAH,2026-06-24,229.8900,235.7100,229.4300,233.0100,2354370
CAH,2026-06-25,232.5200,237.7900,232.3800,234.7500,2074443
CAH,2026-06-26,237.7800,240.4400,236.0000,237.9200,3633366
CAH,2026-06-29,239.9300,240.9300,235.1500,236.2200,1926695
CAH,2026-06-30,237.0000,239.5300,236.4000,237.5600,1666875
CAH,2026-07-01,238.8700,239.7100,233.0000,237.7200,1369779
CAH,2026-07-02,239.7900,240.9100,237.5250,238.9400,2039275
CAH,2026-07-06,241.8600,241.8600,233.8100,237.5200,2476985
CAH,2026-07-07,240.1200,243.2100,237.9850,239.7100,3236463
CAH,2026-07-08,239.0600,240.9100,236.8700,237.1500,2693642
CAH,2026-07-09,238.3900,240.2150,231.8300,233.7700,3216490
CAH,2026-07-10,233.0700,236.2600,232.0500,235.8000,2842646
CAH,2026-07-13,236.1400,237.3800,233.1500,233.6600,2286108
CAH,2026-07-14,231.8000,231.8309,227.8500,230.1100,3127439
CAH,2026-07-15,228.7100,230.2300,224.5200,224.9400,2358354
CAH,2026-07-16,225.7400,229.1300,223.0700,228.7200,2607844
CAH,2026-07-17,230.5400,233.2200,228.4300,228.5200,2053095
CAH,2026-07-20,229.2000,229.2400,225.4900,225.7500,1711834
CAH,2026-07-21,225.9900,227.6315,225.0200,227.0900,1595261
CAH,2026-07-22,227.3000,229.8550,220.3700,220.5400,2521778
CAH,2026-07-23,220.5600,226.0100,220.5400,225.9800,1837736
CAH,2026-07-24,227.8800,228.9700,225.9650,228.0300,1466731
CAH,2026-07-27,227.7800,230.6133,227.0300,229.3500,1106324
CAH,2026-07-28,232.0900,233.7700,230.3200,232.5100,2652244
CAH,2026-07-29,234.0200,234.0200,228.4900,229.1200,2746159
CAH,2026-07-30,226.2800,227.7800,224.1100,227.0700,1484267
CAH,2026-07-31,226.6600,231.2290,225.3900,230.0300,1738180
CAH,2026-08-03,230.3900,235.7200,229.6050,235.6000,2094489
CAH,2026-08-04,234.3100,235.7600,231.1425,233.5500,2579228
CAH,2026-08-05,235.1300,239.5450,235.0100,239.2300,2650974
CAH,2026-08-06,244.0100,244.8700,233.9900,237.6600,1796517
CAH,2026-08-07,237.2300,239.8500,236.3000,236.4000,1551067
CAH,2026-08-10,236.3200,239.5400,235.0000,237.1800,2297337
CAH,2026-08-11,243.0000,258.3021,236.4800,240.2600,3007925
CAH,2026-08-12,239.7500,239.7500,233.4900,234.1600,1914166
CAH,2026-08-13,233.0000,235.6700,229.3600,231.2400,2845419
CAH,2026-08-14,230.9100,235.2700,229.3300,235.1700,1687833
CAH,2026-08-17,233.5500,238.9400,233.5500,235.6600,1802012
CAH,2026-08-18,235.1700,238.2400,233.9400,234.9800,1792652
CAH,2026-08-19,236.4100,238.1500,232.3400,234.8500,1375021
CAH,2026-08-20,232.2500,235.0000,228.3800,228.4600,1592926
CAH,2026-08-21,228.8000,231.2900,228.1600,229.5100,1386835
CAH,2026-08-24,229.1600,232.3700,227.6800,232.3700,1400370
CAH,2026-08-25,232.5100,238.1000,232.3750,237.9200,1335050
CAH,2026-08-26,237.9000,240.8800,236.4450,238.4000,1473077
CAH,2026-08-27,236.4900,237.3000,234.1500,235.1300,1033994
CAH,2026-08-28,236.0200,236.8000,233.7200,234.5500,1779203
CAH,2026-08-31,234.9200,236.9700,233.5100,234.6200,1673454
CAH,2026-09-01,236.8500,240.7500,236.0250,239.3500,1336386
CAH,2026-09-02,240.9900,246.0200,239.3500,245.4900,1363900
CAH,2026-09-03,246.1100,249.2600,245.8200,248.6100,1387112
CAH,2026-09-04,246.3400,249.2900,246.2900,247.1800,1548359
CAH,2026-09-08,243.9000,245.8300,239.4250,240.4900,1596749
CAH,2026-09-09,239.0200,241.6400,238.4050,240.0000,1029091
CAH,2026-09-10,241.2700,242.1200,235.6700,236.0200,1216480
CAH,2026-09-11,238.7700,239.4300,232.6000,234.5700,1111693
CAH,2026-09-14,236.7600,237.5650,232.6000,234.8900,2165472
CAH,2026-09-15,233.8900,234.8300,230.3400,232.6500,1796366
CAH,2026-09-16,233.0700,234.9000,232.0900,232.5400,1220657
CAH,2026-09-17,232.7100,232.7100,226.0200,226.3400,2260544
CAH,2026-09-18,225.2900,226.1197,221.6974,225.3800,4143251
CAH,2026-09-21,225.2800,227.5800,223.5400,225.7500,1189139
CAH,2026-09-22,227.1700,228.4400,221.2100,222.0400,2776268
CAH,2026-09-23,221.7900,225.6400,220.9400,221.2700,1215982
CAH,2026-09-24,222.0800,225.3700,221.9500,222.6200,3480950
CAH,2026-09-25,222.0000,223.0200,219.1000,220.2200,2092887
CAH,2026-09-28,219.3700,221.9700,218.9000,220.2900,2392864
CAH,2026-09-29,218.5400,224.0100,216.7000,223.9100,973624
CAH,2026-09-30,223.6600,226.4850,222.0700,222.5000,1944992
CAH,2026-10-01,227.5500,235.9500,227.3993,230.0900,1913283
CAH,2026-10-02,229.5400,231.1000,224.4500,228.3000,1860046
CAH,2026-10-05,229.1100,234.1800,228.5900,233.1200,1721815
CAH,2026-10-06,233.6900,235.1900,231.6350,233.4400,1149626
CAKE,2026-05-18,58.9900,60.0000,58.4700,59.7000,844685
CAKE,2026-05-19,59.4400,59.5000,58.2750,58.4700,830913
CAKE,2026-05-20,58.9200,60.7200,57.8100,60.3000,877129
CAKE,2026-05-21,59.5800,60.6300,58.5367,60.5700,734236
CAKE,2026-05-22,60.6300,61.7800,60.0000,61.1400,790468
CAKE,2026-05-26,61.8900,64.7300,61.7900,64.6300,1155342
CAKE,2026-05-27,65.2600,66.3800,64.3000,64.9500,1161045
CAKE,2026-05-28,64.8200,65.5150,63.6800,64.2600,723720
CAKE,2026-05-29,64.1100,67.1400,63.7600,66.0400,1103207
CAKE,2026-06-01,65.0500,66.5100,64.5300,65.8800,993457
CAKE,2026-06-02,64.9600,65.1350,63.5500,64.4900,1146722
CAKE,2026-06-03,64.4400,65.7000,63.9650,64.8800,850274
CAKE,2026-06-04,65.0300,65.5850,63.0800,63.8400,921760
CAKE,2026-06-05,64.2100,67.0600,64.2000,66.1300,1192113
CAKE,2026-06-08,65.9700,68.1100,65.4302,67.2200,1435533
CAKE,2026-06-09,67.7200,69.1364,66.7150,67.9400,1546531
CAKE,2026-06-10,68.7500,71.2350,68.2500,70.6200,1417439
CAKE,2026-06-11,70.6200,75.0800,70.4300,74.9800,2215688
CAKE,2026-06-12,75.4600,76.5150,74.1900,75.2800,1824753
CAKE,2026-06-15,73.3270,74.5950,72.7100,73.7500,2429949
CAKE,2026-06-16,73.2400,74.6260,73.0800,73.2700,1720424
CAKE,2026-06-17,73.4000,77.0199,72.7501,75.5200,1267274
CAKE,2026-06-18,76.6700,78.8700,75.5200,77.1900,1426663
CAKE,2026-06-22,77.5600,78.6400,76.3800,76.9100,973672
CAKE,2026-06-23,76.4900,77.5600,75.5700,77.0500,1181503
CAKE,2026-06-24,77.2500,78.3100,76.4700,78.1700,1013371
CAKE,2026-06-25,76.6050,79.6975,76.6050,79.0500,1005882
CAKE,2026-06-26,78.2600,80.8900,77.9200,80.3800,2083860
CAKE,2026-06-29,79.5500,80.0000,78.0000,79.3600,1077790
CAKE,2026-06-30,79.4500,80.0400,78.2500,79.5400,1290781
CAKE,2026-07-01,79.5400,80.9300,78.9203,79.6400,1153188
CAKE,2026-07-02,80.3700,80.6350,77.4320,79.1800,1410375
CAKE,2026-07-06,79.1000,79.2300,76.4600,76.8900,1299974
CAKE,2026-07-07,76.5500,78.2900,76.1400,77.7400,824617
CAKE,2026-07-08,77.1000,77.7950,75.5900,76.6300,1467777
CAKE,2026-07-09,76.9400,78.7100,76.5700,78.4200,1110222
CAKE,2026-07-10,79.0000,84.1600,78.7838,82.7600,2295689
CAKE,2026-07-13,83.3300,84.5400,80.7900,81.9500,1926987
CAKE,2026-07-14,82.4900,82.6150,80.2800,80.4400,975312
CAKE,2026-07-15,80.0200,82.4400,79.5850,80.2700,1282705
CAKE,2026-07-16,80.5000,83.5899,80.4000,83.3100,1266089
CAKE,2026-07-17,83.2700,86.6600,82.8740,85.7700,1670662
CAKE,2026-07-20,86.6300,87.9000,85.6000,86.1100,1428980
CAKE,2026-07-21,86.1100,87.6800,85.2675,87.0700,1507167
CAKE,2026-07-22,86.8600,87.3400,85.0000,85.6800,2191704
CAKE,2026-07-23,84.5100,85.3300,83.8100,84.4600,1467057
CAKE,2026-07-24,83.3300,85.4000,82.9200,84.7200,1734640
CAKE,2026-07-27,86.1000,87.4100,85.2600,87.0300,1541693
CAKE,2026-07-28,87.6700,89.2200,86.2800,89.0100,1568188
CAKE,2026-07-29,92.9400,101.8100,92.5300,101.1400,5383721
CAKE,2026-07-30,101.5000,102.6400,98.3400,101.3100,2367434
CAKE,2026-07-31,101.8300,103.3300,100.6023,101.4200,1975103
CAKE,2026-08-03,102.3200,105.1800,101.5101,104.8900,1640636
CAKE,2026-08-04,104.8900,106.4400,103.7500,105.8300,2093639
CAKE,2026-08-05,106.8900,107.9515,105.0300,105.3100,1485162
CAKE,2026-08-06,105.0200,107.8650,103.7700,107.3100,2176496
CAKE,2026-08-07,106.5000,107.7100,105.8550,107.0500,1231821
CAKE,2026-08-10,106.9500,111.6550,106.1600,111.1900,2331015
CAKE,2026-08-11,110.6100,113.8250,110.5500,113.0600,2529309
CAKE,2026-08-12,113.8900,117.9700,111.6701,117.2900,2181136
CAKE,2026-08-13,118.0000,118.4600,111.4100,111.8800,2109027
CAKE,2026-08-14,112.7000,113.7300,110.8800,113.3800,1410596
CAKE,2026-08-17,110.7300,111.9900,108.6800,109.0700,2287447
CAKE,2026-08-18,108.7500,110.0900,106.0100,106.3600,1794694
CAKE,2026-08-19,106.9400,110.5634,105.7300,105.8200,1184247
CAKE,2026-08-20,105.2500,106.6500,102.4200,106.5300,1752040
CAKE,2026-08-21,106.8800,113.6399,106.6100,113.3300,1866070
CAKE,2026-08-24,113.0000,115.3500,111.2100,114.6100,2115856
CAKE,2026-08-25,114.6800,114.6800,112.2701,113.4850,1985828
CAKE,2026-08-26,114.4400,115.7800,113.4550,115.3500,1401702
CAKE,2026-08-27,113.9600,114.3400,110.0300,110.0900,1427344
CAKE,2026-08-28,110.7500,113.3200,110.3105,112.0700,803462
CAKE,2026-08-31,111.8700,113.7999,107.6300,109.4900,2599050
CAKE,2026-09-01,108.5000,109.5000,106.3700,108.3600,1360258
CAKE,2026-09-02,108.7300,109.9497,108.1500,108.5700,1236962
CAKE,2026-09-03,108.2200,108.9150,106.5400,107.1800,863715
CAKE,2026-09-04,106.8000,109.8800,106.8000,107.5800,1184393
CAKE,2026-09-08,107.3600,109.4600,106.6000,107.2100,1442648
CAKE,2026-09-09,105.9200,106.7400,103.3000,103.6100,1488212
CAKE,2026-09-10,102.9300,104.0000,100.3700,101.1600,1496508
CAKE,2026-09-11,101.5500,103.3050,99.5400,102.7000,1232809
CAKE,2026-09-14,103.3000,105.8000,103.1700,105.1700,1091884
CAKE,2026-09-15,104.9800,104.9800,95.6200,96.7300,2245706
CAKE,2026-09-16,97.3500,98.1800,96.4100,97.0200,1483308
CAKE,2026-09-17,97.8900,98.2600,95.7900,95.8700,934168
CAKE,2026-09-18,95.2500,96.5400,94.5400,96.5100,1616135
CAKE,2026-09-21,97.5000,100.0400,96.9750,99.4700,1057891
CAKE,2026-09-22,101.0200,104.6043,100.5250,103.0400,1900160
CAKE,2026-09-23,103.6700,106.0400,101.7400,104.4100,1776220
CAKE,2026-09-24,104.1600,105.7200,103.3200,105.0500,1224818
CAKE,2026-09-25,105.5400,105.9150,102.3400,104.4900,985040
CAKE,2026-09-28,104.0200,107.1495,103.6850,105.1600,1413432
CAKE,2026-09-29,105.8800,107.6050,105.1764,107.3500,2323804
CAKE,2026-09-30,107.3500,107.5400,104.0500,105.2400,908052
CAKE,2026-10-01,105.0100,108.4000,104.5500,107.9500,862953
CAKE,2026-10-02,107.9500,109.8700,107.0000,109.6500,733317
CAKE,2026-10-05,110.0000,111.0000,107.1800,109.0300,816694
CAKE,2026-10-06,110.0000,110.6800,107.1750,108.2300,2072224
CAKE,2026-10-07,107.5100,107.8400,106.5500,106.9900,867765
CAKE,2026-10-08,106.6500,107.9500,105.5500,106.9100,929847
CHRW,2026-05-18,165.0200,170.6900,162.4100,169.7200,1800856
CHRW,2026-05-19,169.3700,174.6900,167.8600,173.0200,1991316
CHRW,2026-05-20,177.5400,184.2650,176.5450,180.6400,3210791
CHRW,2026-05-21,180.0100,180.0100,175.4900,178.1300,1610787
CHRW,2026-05-22,178.2500,178.7600,173.1200,174.2300,1512861
CHRW,2026-05-26,176.1100,178.7799,173.9000,177.9100,1133266
CHRW,2026-05-27,179.2700,181.0000,175.6600,176.4900,1085707
CHRW,2026-05-28,174.9600,175.6700,172.7550,175.4100,1115106
CHRW,2026-05-29,174.2800,179.4900,174.1550,178.6500,2720950
CHRW,2026-06-01,178.5700,180.8600,175.9000,179.8900,1473332
CHRW,2026-06-02,181.2200,181.2200,177.2900,178.5200,1049551
CHRW,2026-06-03,178.0600,184.6300,177.5100,180.7400,1568834
CHRW,2026-06-04,183.0400,187.9700,182.5800,184.5900,1400413
CHRW,2026-06-05,182.5800,186.6100,181.8300,184.0900,1004534
CHRW,2026-06-08,184.8500,189.2700,180.3601,188.1400,1156341
CHRW,2026-06-09,188.3300,192.5000,186.4550,191.6500,1586895
CHRW,2026-06-10,188.6900,190.6000,184.3300,184.9950,1152989
CHRW,2026-06-11,185.9700,191.7500,185.9700,191.1100,971192
CHRW,2026-06-12,194.4800,195.0000,191.7700,193.7400,1032686
CHRW,2026-06-15,192.2200,193.2500,188.4050,190.2500,1140949
CHRW,2026-06-16,188.8500,191.0300,187.3100,189.4000,1077247
CHRW,2026-06-17,188.7000,189.3950,184.5000,185.2000,1086899
CHRW,2026-06-18,186.9600,188.4350,182.7700,185.0400,1737049
CHRW,2026-06-22,185.0400,189.5950,184.3600,187.0700,1459327
CHRW,2026-06-23,187.7700,190.0000,177.5500,178.8400,1910302
CHRW,2026-06-24,178.2600,180.9100,175.8400,177.2800,1478826
CHRW,2026-06-25,179.2800,183.2200,177.5300,180.3400,1137885
CHRW,2026-06-26,180.3400,181.7200,178.5500,179.3300,4016403
CHRW,2026-06-29,179.3300,185.0800,178.8700,184.7500,1141730
CHRW,2026-06-30,184.7500,188.9400,181.7900,188.3400,1227716
CHRW,2026-07-01,188.3600,193.3800,186.2500,191.2700,1949951
CHRW,2026-07-02,193.2700,193.9800,187.7700,189.8500,1225906
CHRW,2026-07-06,191.1650,192.2850,186.7450,188.5700,1129488
CHRW,2026-07-07,189.7000,191.2990,188.3885,190.9500,1152695
CHRW,2026-07-08,190.7500,191.2700,187.1200,189.9500,1017096
CHRW,2026-07-09,190.8100,195.2600,190.2500,192.7600,1491929
CHRW,2026-07-10,193.3300,195.4350,192.1900,193.5000,991092
CHRW,2026-07-13,193.9500,198.2800,193.8600,196.5000,1364336
CHRW,2026-07-14,198.9300,199.7850,196.5200,199.6100,1842603
CHRW,2026-07-15,199.6600,200.2100,196.8900,197.5000,1160962
CHRW,2026-07-16,200.4400,208.6950,200.3000,205.7500,2621452
CHRW,2026-07-17,204.8100,208.8300,203.9300,208.5000,3798919
CHRW,2026-07-20,209.0500,209.6500,204.7100,205.8000,1661914
CHRW,2026-07-21,207.9200,210.2700,205.9100,209.4200,1148809
CHRW,2026-07-22,210.3300,210.3300,206.2400,207.3500,1349004
CHRW,2026-07-23,208.7400,209.7300,205.1000,205.5100,1442640
CHRW,2026-07-24,191.8100,194.8700,186.1400,186.5050,3602159
CHRW,2026-07-27,185.5600,186.1100,173.7600,174.4600,3139106
CHRW,2026-07-28,171.7100,172.8200,168.3800,169.3400,2752546
CHRW,2026-07-29,169.0000,174.2700,164.0800,173.7500,4086294
CHRW,2026-07-30,161.8900,164.2650,143.1600,146.9200,7410711
CHRW,2026-07-31,145.0000,151.2250,143.4600,147.7300,4180802
CHRW,2026-08-03,149.1900,149.8400,144.8700,147.0000,2932786
CHRW,2026-08-04,148.3350,155.2050,147.2100,154.7500,1872884
CHRW,2026-08-05,155.4800,157.6700,152.8500,153.6000,1545067
CHRW,2026-08-06,152.5800,153.9200,146.4500,146.6600,2397593
CHRW,2026-08-07,146.0900,150.9900,145.6600,149.3450,1487470
CHRW,2026-08-10,148.4900,151.5200,148.0400,148.2900,1309444
CHRW,2026-08-11,147.4400,148.1100,143.1800,145.1000,1441942
CHRW,2026-08-12,144.9200,148.2500,144.9100,146.7000,1170320
CHRW,2026-08-13,146.9800,150.8000,145.8101,149.3500,1471768
CHRW,2026-08-14,149.0500,150.2900,147.9500,148.5700,859463
CHRW,2026-08-17,149.7700,150.3600,143.2900,144.7800,1840818
CHRW,2026-08-18,144.9400,147.2450,143.5300,144.6700,1317348
CHRW,2026-08-19,145.8100,147.5000,144.0700,144.5200,1127776
CHRW,2026-08-20,144.9200,145.5100,143.1570,143.8300,1140506
CHRW,2026-08-21,144.1700,145.2500,141.2400,141.6300,1034486
CHRW,2026-08-24,141.6300,143.7800,141.5650,142.8600,1096330
CHRW,2026-08-25,142.6900,145.2300,142.4550,143.6600,1002445
CHRW,2026-08-26,143.8600,153.2500,143.7600,151.7300,1932989
CHRW,2026-08-27,150.8800,153.0750,149.3500,151.1400,1595425
CHRW,2026-08-28,152.3200,152.9400,149.6300,150.3900,878262
CHRW,2026-08-31,150.0900,151.4900,148.8550,149.6600,1411266
CHRW,2026-09-01,150.2700,151.0900,146.3700,147.8800,1139609
CHRW,2026-09-02,147.9200,148.0500,145.0000,145.2000,1082030
CHRW,2026-09-03,146.7800,147.6300,144.0200,146.6850,769319
CHRW,2026-09-04,145.3100,147.8500,144.7400,147.6400,1116221
CHRW,2026-09-08,149.4800,152.2300,147.4500,150.1000,1275483
CHRW,2026-09-09,151.4000,154.1400,150.1000,150.4500,2174848
CHRW,2026-09-10,150.6500,152.8400,150.2050,152.4200,1695315
CHRW,2026-09-11,152.4200,155.0000,151.7952,152.7800,884802
CHRW,2026-09-14,152.7800,157.8150,151.9300,157.3100,1659564
CHRW,2026-09-15,156.8700,158.0700,155.4600,157.6300,1253716
CHRW,2026-09-16,155.6000,156.3400,152.1100,153.4700,1584018
CHRW,2026-09-17,154.5000,154.7000,151.6000,153.8200,1102817
CHRW,2026-09-18,153.5000,153.8450,151.9800,152.9900,2043452
CHRW,2026-09-21,153.6600,154.9800,149.9458,152.8400,1397929
CHRW,2026-09-22,153.1800,154.1200,148.0450,149.5600,2586941
CHRW,2026-09-23,149.8100,151.4000,147.3900,149.6700,1267260
CHRW,2026-09-24,148.7200,150.3650,145.8800,146.2000,1495870
CHRW,2026-09-25,145.9800,147.5450,145.4000,147.1000,1152043
CHRW,2026-09-28,146.2300,148.9750,145.0200,148.2400,987059
CHRW,2026-09-29,147.5900,149.8300,147.2100,149.7100,1060651
CHRW,2026-09-30,151.7400,151.8750,147.7850,147.9600,1042703
CHRW,2026-10-01,148.1800,153.9400,147.7550,153.1400,1487927
CHRW,2026-10-02,155.0600,158.3500,154.2850,157.7200,1599341
CHRW,2026-10-05,140.5100,144.7500,132.0525,140.6100,8659716
CHRW,2026-10-06,140.8300,141.0000,133.3100,135.0500,3956978
CHRW,2026-10-07,135.2500,136.0700,133.0000,135.1800,2510332
CHRW,2026-10-08,135.1800,142.9729,134.0800,141.3400,2455118
CSX,2026-05-18,45.7600,46.3100,45.6900,46.2000,7560942
CSX,2026-05-19,45.9400,46.5300,45.7100,46.0800,8785707
CSX,2026-05-20,46.2100,46.7350,45.8700,45.9400,13212581
CSX,2026-05-21,45.8300,46.2550,45.6400,45.9000,12087359
CSX,2026-05-22,46.0100,46.1900,45.4550,45.5200,10761309
CSX,2026-05-26,45.4700,46.6650,45.4700,46.6100,12670610
CSX,2026-05-27,46.6900,47.1750,46.6400,47.1400,10073060
CSX,2026-05-28,46.8000,46.9350,45.3300,45.8100,15806369
CSX,2026-05-29,45.5000,45.9150,44.9050,45.2600,26469318
CSX,2026-06-01,44.8600,46.0100,44.7900,45.8600,15184652
CSX,2026-06-02,45.9700,46.2498,45.4150,46.1400,10663589
CSX,2026-06-03,46.1000,46.8550,45.9000,46.4400,12529504
CSX,2026-06-04,47.2480,47.2480,45.8600,46.2300,11095346
CSX,2026-06-05,46.3700,47.2110,46.2000,46.9900,13615427
CSX,2026-06-08,46.9100,47.3950,46.8600,47.1100,9096429
CSX,2026-06-09,47.2550,47.5500,46.7200,47.2800,10091530
CSX,2026-06-10,47.0200,47.3350,46.3800,46.4100,9500665
CSX,2026-06-11,46.7500,47.6550,46.5400,47.3650,11141403
CSX,2026-06-12,47.8000,48.0300,47.4400,47.5700,11393886
CSX,2026-06-15,47.6750,47.7400,46.8200,47.3900,13765249
CSX,2026-06-16,47.6300,47.8300,46.7900,46.9000,10392756
CSX,2026-06-17,46.9100,46.9600,45.1520,45.5700,14051847
CSX,2026-06-18,45.9100,46.6100,45.4300,45.6300,22557890
CSX,2026-06-22,45.6700,46.3350,45.5100,46.2000,8668758
CSX,2026-06-23,46.2350,46.5199,46.0200,46.1600,13016595
CSX,2026-06-24,46.1600,46.8950,45.9300,46.0600,12564680
CSX,2026-06-25,46.2600,47.5900,46.0100,47.4400,11379017
CSX,2026-06-26,47.8000,47.9400,47.1900,47.6600,19419610
CSX,2026-06-29,47.8200,48.4150,47.6200,48.0100,10033599
CSX,2026-06-30,47.9150,47.9150,47.1740,47.5300,11563056
CSX,2026-07-01,47.8700,48.5750,47.4850,48.3300,12747072
CSX,2026-07-02,48.5900,49.2100,48.5300,48.8900,13746931
CSX,2026-07-06,49.2600,49.2880,48.7100,48.8100,9837823
CSX,2026-07-07,49.0200,49.0900,48.1000,48.5100,11434162
CSX,2026-07-08,48.8300,48.9600,48.0650,48.6900,9683781
CSX,2026-07-09,48.8400,49.5500,48.8000,49.3500,9821068
CSX,2026-07-10,49.3800,49.6650,49.2050,49.4100,7753692
CSX,2026-07-13,49.5750,49.9000,49.4250,49.6400,8526067
CSX,2026-07-14,49.9150,50.3100,49.6500,49.9200,11198408
CSX,2026-07-15,49.8600,49.9600,48.9100,49.4300,8881649
CSX,2026-07-16,49.8700,50.9850,49.5200,50.8900,15678203
CSX,2026-07-17,51.0000,51.2850,50.3050,50.7500,17453204
CSX,2026-07-20,50.8800,50.9600,49.8300,50.1100,13199205
CSX,2026-07-21,50.3500,50.3500,49.3550,49.8900,12668395
CSX,2026-07-22,50.0300,50.2000,49.5350,49.9300,17181052
CSX,2026-07-23,51.9600,53.3100,51.6200,52.8100,29160925
CSX,2026-07-24,52.7700,53.4050,52.5900,53.2300,14305610
CSX,2026-07-27,53.6000,53.6000,51.3350,51.8000,17856125
CSX,2026-07-28,52.0350,52.4200,50.8100,50.8400,15421409
CSX,2026-07-29,50.6550,51.0000,50.3000,50.7400,14676707
CSX,2026-07-30,51.5300,51.5300,49.7800,50.1900,13348421
CSX,2026-07-31,50.3000,50.5700,49.8500,50.4000,17243381
CSX,2026-08-03,50.6300,50.7400,49.6000,49.8300,12822797
CSX,2026-08-04,49.7300,51.0900,49.4200,51.0300,14455847
CSX,2026-08-05,51.0300,51.2200,50.6700,51.1200,9884237
CSX,2026-08-06,51.5000,51.5900,50.6100,50.7000,11464642
CSX,2026-08-07,50.3800,50.8800,50.0600,50.2700,7239391
CSX,2026-08-10,50.0000,50.4500,49.9300,50.1200,9207224
CSX,2026-08-11,50.1600,50.6700,49.7750,49.9400,8394191
CSX,2026-08-12,50.0400,50.2700,49.7100,50.0800,10918952
CSX,2026-08-13,50.4380,50.6800,50.1050,50.1400,10769126
CSX,2026-08-14,50.0500,50.7700,50.0250,50.1600,5625298
CSX,2026-08-17,50.1400,50.9900,50.0000,50.5800,7751492
CSX,2026-08-18,50.9800,51.0000,50.1900,50.2400,8956565
CSX,2026-08-19,50.3700,51.5600,50.3700,50.6800,9325063
CSX,2026-08-20,50.4500,51.4550,50.3250,50.9700,7754496
CSX,2026-08-21,51.3000,51.7600,51.0900,51.5900,12906450
CSX,2026-08-24,51.9980,51.9980,51.2250,51.4400,10378256
CSX,2026-08-25,51.4200,51.8800,51.1200,51.5100,6419540
CSX,2026-08-26,51.2700,52.1500,51.1300,51.7600,6906506
CSX,2026-08-27,51.3100,51.7050,51.1500,51.5400,7311381
CSX,2026-08-28,51.8200,51.9500,50.9800,51.2800,6722319
CSX,2026-08-31,51.0500,51.2400,50.3550,50.5100,11822825
CSX,2026-09-01,50.1100,50.4900,47.8250,48.7000,15946254
CSX,2026-09-02,48.8300,48.8500,47.9100,48.6500,9864873
CSX,2026-09-03,48.7500,49.3200,48.3100,48.9900,9896979
CSX,2026-09-04,48.9100,49.6800,48.7800,49.4100,7816516
CSX,2026-09-08,48.9800,49.5500,48.9800,49.0000,7455023
CSX,2026-09-09,48.6300,48.9200,48.2700,48.3700,9039290
CSX,2026-09-10,48.3600,49.5000,48.1450,49.0400,10386797
CSX,2026-09-11,49.6500,49.6500,48.6950,48.9500,7113826
CSX,2026-09-14,48.6400,48.9600,48.3050,48.9100,8260554
CSX,2026-09-15,48.9400,49.0000,48.4000,48.6600,8395285
CSX,2026-09-16,48.0200,48.5400,47.6500,47.9000,11411847
CSX,2026-09-17,48.6000,48.6000,47.5300,47.9000,9791162
CSX,2026-09-18,47.6300,47.8800,47.0000,47.1000,25749496
CSX,2026-09-21,47.4800,47.4800,45.7900,45.9900,16408711
CSX,2026-09-22,46.2600,46.6800,45.9523,46.5900,11487104
CSX,2026-09-23,46.6450,47.5900,46.2600,47.1900,10643037
CSX,2026-09-24,47.0300,47.3300,46.7650,46.9500,9554475
CSX,2026-09-25,46.7900,47.0300,46.5100,46.7800,8581043
CSX,2026-09-28,46.6500,47.1550,46.5900,46.7600,9603668
CSX,2026-09-29,46.4600,47.0300,46.3900,46.9300,8029637
CSX,2026-09-30,46.9800,47.2500,46.5000,46.5100,11008165
CSX,2026-10-01,46.2300,46.5550,45.8500,46.5400,12901268
CSX,2026-10-02,46.8800,47.5900,46.7500,47.4300,10964955
CSX,2026-10-05,47.2200,47.5400,46.9000,47.4300,8250865
CSX,2026-10-06,47.3800,47.7250,47.3200,47.5000,8568044
CSX,2026-10-07,47.4200,47.6150,46.7600,46.8100,6812686
CSX,2026-10-08,46.8300,47.4450,46.7600,47.3400,6980770
DAL,2026-05-14,72.0000,72.5350,71.0050,71.5500,5877500
DAL,2026-05-15,70.5300,70.9800,69.5550,70.2300,7336050
DAL,2026-05-18,71.0600,72.5300,69.4800,70.2400,6781861
DAL,2026-05-19,69.2200,69.2200,67.7600,67.7600,5735912
DAL,2026-05-20,68.6500,74.9500,68.1600,74.1200,11889239
DAL,2026-05-21,72.9000,75.7000,72.6100,75.6500,8298228
DAL,2026-05-22,76.0300,77.1000,75.5100,76.1400,6440881
DAL,2026-05-26,78.1950,79.5900,78.0100,79.3900,9497134
DAL,2026-05-27,80.7500,83.7550,80.7500,81.8000,11974862
DAL,2026-05-28,80.9000,83.0000,80.3400,82.4900,7700724
DAL,2026-05-29,82.9400,83.8300,82.3600,82.4800,8226819
DAL,2026-06-01,81.0700,81.8350,79.3000,81.4700,7337019
DAL,2026-06-02,81.3500,81.9300,79.6100,80.0200,5198822
DAL,2026-06-03,79.7000,79.9400,78.6000,78.7800,5274981
DAL,2026-06-04,80.2800,80.4400,78.8500,79.5100,4843362
DAL,2026-06-05,79.0600,80.0450,78.5400,79.4200,5067580
DAL,2026-06-08,79.5200,80.0100,78.2000,78.2100,4692713
DAL,2026-06-09,79.8600,81.8000,78.1100,81.1700,7695299
DAL,2026-06-10,79.3100,79.7700,76.4300,76.4700,6647338
DAL,2026-06-11,76.5100,81.9800,76.4000,81.8300,7975708
DAL,2026-06-12,83.1600,83.4400,80.9300,83.0600,6867944
DAL,2026-06-15,86.0500,87.3900,83.8900,84.0700,9785298
DAL,2026-06-16,85.1000,85.7300,82.9300,83.1400,10288285
DAL,2026-06-17,83.3800,84.0450,81.9000,82.2500,10340355
DAL,2026-06-18,84.1300,85.0387,83.6650,84.1800,14843814
DAL,2026-06-22,84.5000,86.6300,84.1900,85.9200,7497329
DAL,2026-06-23,84.5300,86.9700,84.2500,86.7200,6895039
DAL,2026-06-24,88.4300,90.7100,87.6400,90.6500,9590620
DAL,2026-06-25,91.4600,95.1400,91.0500,92.1100,11819359
DAL,2026-06-26,92.2500,93.0700,91.9400,92.5700,11457269
DAL,2026-06-29,91.8400,93.2700,91.6500,93.1700,6427657
DAL,2026-06-30,93.0800,94.9800,92.3875,93.6600,7617442
DAL,2026-07-01,94.4700,94.5900,92.9500,93.0600,6114656
DAL,2026-07-02,94.9200,95.6800,91.9800,92.7500,6078031
DAL,2026-07-06,93.2900,95.5300,91.1300,91.6800,6342213
DAL,2026-07-07,91.4800,92.2000,88.1700,88.6300,8338691
DAL,2026-07-08,86.7900,87.5400,85.2750,87.2900,8721262
DAL,2026-07-09,87.9900,89.5900,87.7200,89.0000,9522224
DAL,2026-07-10,87.9400,89.2000,85.3500,87.3900,10939245
DAL,2026-07-13,87.9300,88.0800,85.5000,86.1900,8573871
DAL,2026-07-14,87.0100,87.0800,84.8300,85.5100,6732349
DAL,2026-07-15,86.1600,86.4400,85.3100,85.9600,6791129
DAL,2026-07-16,85.3000,87.1900,85.0267,86.7000,5884021
DAL,2026-07-17,84.7800,86.0200,83.5600,84.1700,6462945
DAL,2026-07-20,84.7900,85.5000,83.8150,84.5400,6578997
DAL,2026-07-21,85.0000,85.3300,83.8113,84.6300,4030473
DAL,2026-07-22,83.5200,84.5950,82.9000,83.5200,5144756
DAL,2026-07-23,81.0600,82.1000,80.6402,81.9700,8061786
DAL,2026-07-24,82.6600,86.0100,82.4350,85.0600,5461201
DAL,2026-07-27,86.8700,88.5700,85.7400,86.6700,7592444
DAL,2026-07-28,86.9100,89.6900,86.2300,89.3700,7214700
DAL,2026-07-29,87.1300,88.5100,86.1200,86.2500,5461319
DAL,2026-07-30,87.8300,89.2600,86.2000,88.5900,5725454
DAL,2026-07-31,88.0200,88.5800,87.3200,87.4400,4772477
DAL,2026-08-03,89.2000,91.9300,89.2000,91.5900,5485744
DAL,2026-08-04,93.0400,94.0800,91.8950,92.7700,5184447
DAL,2026-08-05,93.4000,95.0100,93.0600,93.1400,5028259
DAL,2026-08-06,92.5000,93.3000,91.9200,91.9800,5234317
DAL,2026-08-07,92.3000,92.4400,90.8501,91.3400,3386100
DAL,2026-08-10,90.3400,90.5100,88.9400,89.2100,3760083
DAL,2026-08-11,89.9900,90.9050,88.9300,90.4100,2893352
DAL,2026-08-12,90.7600,91.2500,88.5000,89.9300,3192966
DAL,2026-08-13,91.4500,92.2100,90.8300,91.3100,3553316
DAL,2026-08-14,91.0400,91.3550,89.0600,89.3500,4459861
DAL,2026-08-17,89.0000,89.1693,87.5200,87.5900,3939350
DAL,2026-08-18,87.0000,87.2300,85.6700,85.7000,4605464
DAL,2026-08-19,86.7200,86.7200,83.0600,83.2900,5489082
DAL,2026-08-20,82.1000,82.2000,80.6700,81.0600,6169401
DAL,2026-08-21,82.2200,83.0650,82.0500,82.4100,5076336
DAL,2026-08-24,83.3000,84.3200,82.1450,82.4800,4081748
DAL,2026-08-25,84.4300,84.4300,82.1300,83.6200,5714097
DAL,2026-08-26,84.5500,84.9900,83.0100,83.0800,5735254
DAL,2026-08-27,82.5100,83.0100,80.9500,81.1400,4716071
DAL,2026-08-28,81.8500,82.3050,79.8900,80.0700,3810334
DAL,2026-08-31,79.2400,79.2500,77.7700,78.0000,6102618
DAL,2026-09-01,77.5100,78.1900,75.9900,76.3800,6568562
DAL,2026-09-02,77.5000,79.1500,77.0000,78.1400,4897982
DAL,2026-09-03,78.6300,78.8100,77.6000,78.7500,4436029
DAL,2026-09-04,78.8800,80.4000,78.8100,80.1700,5133970
DAL,2026-09-08,79.2100,80.0600,78.5300,78.9600,5270666
DAL,2026-09-09,77.5000,79.3800,77.3100,78.7500,4577104
DAL,2026-09-10,77.2000,79.3000,77.1500,78.2400,5914354
DAL,2026-09-11,79.4000,80.2290,79.0900,79.9100,4771170
DAL,2026-09-14,77.5600,80.3650,77.5600,79.8000,5400927
DAL,2026-09-15,80.0500,80.0800,77.9900,78.8900,6157700
DAL,2026-09-16,79.6600,80.3550,76.8900,77.8700,6990471
DAL,2026-09-17,79.6100,79.8800,78.9400,79.4300,6088966
DAL,2026-09-18,79.4200,80.3300,78.9424,79.6200,24907066
DAL,2026-09-21,81.0000,82.7700,79.8500,82.5000,9200270
DAL,2026-09-22,84.8800,84.8800,82.4600,83.9200,8642231
DAL,2026-09-23,82.7000,83.1300,81.5686,81.7500,6651907
DAL,2026-09-24,81.0000,83.5900,80.7100,82.7600,6256479
DAL,2026-09-25,84.0000,85.4700,82.3325,84.9400,7069345
DAL,2026-09-28,83.3500,84.5600,82.0000,84.0300,7608541
DAL,2026-09-29,85.0100,85.3200,83.5600,84.8700,5619903
DAL,2026-09-30,84.8500,85.1400,83.1300,83.4600,6580452
DAL,2026-10-01,83.7700,84.2300,82.5500,84.1300,6426596
DAL,2026-10-02,85.7600,86.1700,83.3400,84.0900,8153401
DAL,2026-10-05,85.0000,85.3500,82.8100,83.0800,7562609
DAL,2026-10-06,84.2400,85.7550,82.8200,83.6600,9350454
DAR,2026-05-14,62.0700,63.4500,61.6350,62.7800,2693803
DAR,2026-05-15,62.6100,63.0000,61.4700,62.3700,2082691
DAR,2026-05-18,62.2700,62.6200,60.7400,62.1300,2156242
DAR,2026-05-19,61.9700,61.9800,59.3500,59.9500,2302051
DAR,2026-05-20,60.1000,60.6800,58.9600,58.9800,2125184
DAR,2026-05-21,59.3000,60.1099,57.8100,57.8600,2357111
DAR,2026-05-22,57.9900,58.9800,57.6500,58.6000,1965309
DAR,2026-05-26,58.9600,59.9800,58.1000,59.3500,2423470
DAR,2026-05-27,59.0900,59.1100,57.7500,58.7400,1876195
DAR,2026-05-28,59.0000,59.8200,58.8035,59.6200,1931614
DAR,2026-05-29,59.5300,60.0380,58.6900,59.1000,2529849
DAR,2026-06-01,59.6300,61.0900,59.4250,60.4400,2182190
DAR,2026-06-02,60.4200,61.3600,60.1500,60.3400,1774854
DAR,2026-06-03,60.6900,63.0000,60.5550,61.5500,1719255
DAR,2026-06-04,60.6300,61.2350,60.2100,60.7200,2430783
DAR,2026-06-05,60.3300,60.7149,58.8900,59.4500,1347357
DAR,2026-06-08,60.0700,60.6100,58.2400,58.3600,1317843
DAR,2026-06-09,58.6200,59.0900,57.1000,58.3600,2204332
DAR,2026-06-10,58.7300,59.6100,58.3400,58.6100,1533663
DAR,2026-06-11,59.0800,59.2800,56.9100,57.0000,1509657
DAR,2026-06-12,57.1900,57.5700,56.5200,56.9900,1664290
DAR,2026-06-15,56.3900,56.4200,55.1100,56.1200,2160040
DAR,2026-06-16,55.3200,56.6650,54.7800,55.1800,2027286
DAR,2026-06-17,54.9500,55.3250,53.5500,53.7900,2589794
DAR,2026-06-18,53.8500,54.4400,52.1500,53.6800,4072657
DAR,2026-06-22,54.1000,54.1000,51.8500,53.2200,2327660
DAR,2026-06-23,52.8300,53.4760,52.2800,52.7800,2256700
DAR,2026-06-24,52.6400,53.1800,50.8850,52.6500,2584476
DAR,2026-06-25,52.5800,53.2450,51.8800,53.0800,2257731
DAR,2026-06-26,52.8400,53.2400,51.9300,52.5000,4000957
DAR,2026-06-29,54.0700,54.0700,52.5500,53.1500,3105058
DAR,2026-06-30,53.3800,55.5100,53.2000,54.6200,4043172
DAR,2026-07-01,54.5000,57.4300,54.3050,56.5800,3240304
DAR,2026-07-02,56.5900,57.2700,55.4350,56.5300,3284806
DAR,2026-07-06,56.6200,57.9600,56.2800,57.8900,2119160
DAR,2026-07-07,58.1000,59.2000,57.3650,58.2300,2617329
DAR,2026-07-08,59.9500,61.0800,59.1771,61.0200,2670405
DAR,2026-07-09,60.8800,61.5100,59.8300,60.1900,2218587
DAR,2026-07-10,61.0900,61.3100,59.2200,60.8300,1806899
DAR,2026-07-13,61.6600,62.4700,61.3900,62.0300,1792728
DAR,2026-07-14,62.5900,62.6500,61.1850,61.8300,1544371
DAR,2026-07-15,62.3700,62.3700,60.1900,60.6200,1895171
DAR,2026-07-16,60.8700,62.0800,60.4100,61.1800,2008057
DAR,2026-07-17,62.1300,63.4900,61.7800,63.1000,2436236
DAR,2026-07-20,63.1500,64.0400,62.9550,63.5000,1567859
DAR,2026-07-21,64.3000,64.9600,63.1200,63.9100,1751742
DAR,2026-07-22,64.7000,65.0400,63.9200,64.7800,1697931
DAR,2026-07-23,65.2000,65.6900,63.2450,63.4000,1522107
DAR,2026-07-24,63.8000,63.8000,61.9600,62.5000,1582649
DAR,2026-07-27,61.9600,61.9600,59.7000,60.5300,2228889
DAR,2026-07-28,60.0900,60.3500,58.2550,58.4200,2506964
DAR,2026-07-29,59.4300,60.1700,57.9500,58.6200,3378566
DAR,2026-07-30,60.3600,61.8000,58.1400,61.0000,3824618
DAR,2026-07-31,61.7100,62.3800,60.3900,60.6400,2112601
DAR,2026-08-03,59.9400,60.6886,59.1000,59.7600,3280334
DAR,2026-08-04,60.4700,60.7000,59.5650,60.1500,2123766
DAR,2026-08-05,61.1400,61.8260,57.7600,57.8000,2442196
DAR,2026-08-06,59.4000,60.8000,58.9500,60.5100,2218078
DAR,2026-08-07,60.0700,60.8800,58.7700,59.4100,1893533
DAR,2026-08-10,61.8400,63.3290,60.2300,62.8300,2203812
DAR,2026-08-11,62.4800,63.6000,62.2900,62.3600,1779139
DAR,2026-08-12,62.3700,63.5200,62.0050,63.4300,1599550
DAR,2026-08-13,63.1400,65.7800,63.0500,65.7400,1880634
DAR,2026-08-14,66.3500,67.6800,65.8600,67.0400,2061943
DAR,2026-08-17,66.6600,67.9500,66.5000,67.6700,1820277
DAR,2026-08-18,67.5100,68.5900,66.7150,68.3400,1900471
DAR,2026-08-19,68.3500,68.7700,66.5700,66.9400,2410735
DAR,2026-08-20,67.7800,69.9758,67.3300,67.8400,2136663
DAR,2026-08-21,67.8100,68.4400,60.8475,65.7400,7350296
DAR,2026-08-24,63.8300,64.5900,62.0675,62.3200,3258783
DAR,2026-08-25,61.3900,63.1900,58.9600,62.5800,4007446
DAR,2026-08-26,61.7800,63.2400,60.5900,62.5000,1875773
DAR,2026-08-27,62.1700,62.8700,60.4400,61.3900,2484793
DAR,2026-08-28,62.1200,64.4900,62.1200,64.3200,2965615
DAR,2026-08-31,65.3800,66.7800,61.3500,66.2700,4345474
DAR,2026-09-01,66.3350,67.8675,65.3550,67.7000,3209985
DAR,2026-09-02,67.3500,68.5900,66.1500,67.6200,2288672
DAR,2026-09-03,67.6000,67.7400,64.8100,65.7500,2061535
DAR,2026-09-04,64.8200,65.5162,63.6901,65.1900,1906675
DAR,2026-09-08,66.5100,67.4800,65.5200,67.1100,1969230
DAR,2026-09-09,67.8800,68.6500,66.7900,67.5100,1730914
DAR,2026-09-10,68.2300,68.3900,66.2200,66.3700,1477989
DAR,2026-09-11,65.8300,66.7300,64.8200,65.1100,1564235
DAR,2026-09-14,65.6900,66.7699,64.8500,64.9200,2202343
DAR,2026-09-15,64.9500,67.3700,64.9500,66.5400,2463543
DAR,2026-09-16,66.0000,66.7300,65.1700,65.5600,1874787
DAR,2026-09-17,65.0500,67.0750,64.5100,66.4900,2014762
DAR,2026-09-18,66.2800,66.7600,64.7200,65.3600,4201792
DAR,2026-09-21,65.1800,65.6580,62.7600,63.2600,1919314
DAR,2026-09-22,64.7200,64.7200,61.2450,61.6300,3041634
DAR,2026-09-23,61.6400,63.0500,60.0200,61.3600,3532907
DAR,2026-09-24,61.5900,62.7350,60.7600,61.7400,2238179
DAR,2026-09-25,61.2200,61.9300,60.1900,61.2900,2107514
DAR,2026-09-28,61.9000,62.0800,60.1100,60.5900,2140276
DAR,2026-09-29,60.1200,60.5500,59.3600,60.3200,1407891
DAR,2026-09-30,60.5200,61.9100,60.0000,60.7100,1983764
DAR,2026-10-01,60.0800,61.8600,60.0000,61.6400,2584299
DAR,2026-10-02,60.7300,63.7300,59.6342,62.9400,2128638
DAR,2026-10-05,62.7500,63.9600,62.0000,62.7000,2034247
DAR,2026-10-06,61.4500,62.4600,60.6300,61.1700,1882474
DG,2026-05-18,101.9200,106.4700,100.4190,106.2300,5083221
DG,2026-05-19,106.0200,106.0300,100.2100,103.4800,4381968
DG,2026-05-20,102.5500,105.5100,101.0600,104.6100,3225910
DG,2026-05-21,101.8400,105.2650,99.5700,105.1100,3768221
DG,2026-05-22,104.4300,106.0900,104.2600,105.6500,2435186
DG,2026-05-26,105.6250,105.6250,101.7916,103.6100,3541213
DG,2026-05-27,102.7250,106.9000,102.4250,104.3300,4967332
DG,2026-05-28,111.0000,111.4450,107.3800,109.9000,4783634
DG,2026-05-29,108.7900,110.6700,108.0600,110.6100,5525004
DG,2026-06-01,111.0450,111.9900,108.1500,109.9300,7146520
DG,2026-06-02,113.2500,115.0000,105.5500,106.2700,9005614
DG,2026-06-03,105.7500,106.8900,101.8700,105.0900,4689701
DG,2026-06-04,106.7400,106.7400,103.1700,103.5200,3037250
DG,2026-06-05,104.2600,105.6650,102.6500,103.7000,2786798
DG,2026-06-08,103.6400,106.8900,103.4400,106.8200,3425753
DG,2026-06-09,106.2500,110.5000,106.2500,109.3800,3478605
DG,2026-06-10,109.2000,110.9400,107.5950,109.9600,2906676
DG,2026-06-11,109.6000,114.6400,108.6200,114.3400,3128935
DG,2026-06-12,115.1000,116.6500,114.3800,114.8000,2619923
DG,2026-06-15,116.4900,119.2000,115.4500,116.3900,3617899
DG,2026-06-16,116.2000,117.6000,112.9800,113.7500,3479503
DG,2026-06-17,113.0000,113.5500,107.9100,108.6900,3901266
DG,2026-06-18,109.0600,113.8100,108.9500,113.4500,5886213
DG,2026-06-22,112.1550,116.5900,111.7500,112.4600,2591924
DG,2026-06-23,114.0800,115.0850,112.7800,114.5800,2443181
DG,2026-06-24,115.0600,119.6700,114.5400,119.1700,3195214
DG,2026-06-25,119.9600,120.1250,115.9200,117.5600,2813753
DG,2026-06-26,118.3500,120.9300,118.1400,119.5100,3385503
DG,2026-06-29,118.6200,118.8800,116.8100,117.5200,2181376
DG,2026-06-30,116.0000,116.5900,113.3200,115.1100,2178915
DG,2026-07-01,114.9800,116.5200,114.1300,115.2000,2676485
DG,2026-07-02,116.4500,118.3400,115.4900,118.1700,3242271
DG,2026-07-06,119.2700,119.6500,114.6300,116.2700,2141239
DG,2026-07-07,115.4100,117.7100,115.1500,115.4300,2578069
DG,2026-07-08,114.6400,117.0400,113.2000,114.8000,2545673
DG,2026-07-09,114.1900,116.6300,113.5000,115.7300,1988826
DG,2026-07-10,116.3500,119.0400,116.3500,118.9200,2226138
DG,2026-07-13,120.3800,125.7500,120.3800,123.4400,3566329
DG,2026-07-14,123.6500,123.8050,119.8300,120.1400,2719718
DG,2026-07-15,119.3700,122.8450,118.9200,121.2800,2044967
DG,2026-07-16,123.0900,127.9700,121.9700,127.1600,4863752
DG,2026-07-17,127.4500,130.6100,124.6750,125.7500,2943553
DG,2026-07-20,125.7500,126.7500,124.6600,124.7500,2275868
DG,2026-07-21,123.8300,125.1650,122.5900,123.2000,1670896
DG,2026-07-22,124.6100,124.6600,119.8500,120.2400,1793121
DG,2026-07-23,119.0900,119.0900,114.4150,115.1600,2710330
DG,2026-07-24,115.7200,119.3600,115.1600,117.2300,1655017
DG,2026-07-27,118.6750,124.4700,118.6750,123.2200,2496848
DG,2026-07-28,125.4300,127.4199,124.3500,125.9700,2537416
DG,2026-07-29,125.4200,129.1300,124.3400,128.6800,1807605
DG,2026-07-30,127.5800,128.0700,125.8100,127.5000,1772318
DG,2026-07-31,127.1700,127.7000,125.0400,127.0500,1392914
DG,2026-08-03,128.6300,131.2500,126.5200,127.7200,1953598
DG,2026-08-04,125.0500,128.3200,124.5000,127.2600,1928502
DG,2026-08-05,128.1800,128.6000,126.0400,126.9400,1470759
DG,2026-08-06,128.1400,128.2600,125.6800,127.4500,1436885
DG,2026-08-07,127.1500,127.9812,125.5550,126.5900,1833646
DG,2026-08-10,124.6100,125.6750,121.4300,122.4200,2819500
DG,2026-08-11,121.4000,122.9150,119.7000,120.0700,1944032
DG,2026-08-12,120.7600,120.7600,118.0000,119.6000,2095961
DG,2026-08-13,121.6000,123.0700,119.8450,122.0800,1552011
DG,2026-08-14,122.2000,125.7700,122.0800,123.2800,1553777
DG,2026-08-17,121.3100,122.4300,119.8000,120.0800,1897663
DG,2026-08-18,122.8100,124.2300,120.5200,120.8400,2295019
DG,2026-08-19,121.8700,124.0900,121.7300,122.3100,2221828
DG,2026-08-20,118.0000,123.0900,117.5100,120.5800,2154759
DG,2026-08-21,121.7200,123.4300,121.3000,123.4100,1770171
DG,2026-08-24,123.5800,125.5000,123.0000,125.3300,2138770
DG,2026-08-25,124.7800,124.8100,122.3000,122.5800,1533359
DG,2026-08-26,122.0000,123.8100,120.4400,122.7800,3243240
DG,2026-08-27,127.8400,132.4999,124.5000,125.8900,6406160
DG,2026-08-28,125.2500,125.8800,121.3400,122.8900,3310507
DG,2026-08-31,123.4700,127.0600,122.7250,126.7500,4190167
DG,2026-09-01,127.1500,131.7800,126.2150,131.0900,3879181
DG,2026-09-02,131.5000,134.1250,130.7050,130.8900,2766678
DG,2026-09-03,132.6600,133.7600,130.6409,131.2600,1726085
DG,2026-09-04,131.8100,133.6300,130.7700,133.2100,1710523
DG,2026-09-08,132.4700,132.7500,126.3100,127.8700,2544047
DG,2026-09-09,127.9900,127.9900,124.0900,124.5700,2585186
DG,2026-09-10,124.1500,126.0592,122.3950,122.9900,2112044
DG,2026-09-11,124.0000,125.7300,122.8900,124.5800,2228148
DG,2026-09-14,124.8300,129.7200,124.7300,129.1700,2871793
DG,2026-09-15,129.4600,130.7600,124.4700,124.7000,2638040
DG,2026-09-16,124.3800,125.7800,122.2500,123.0100,2317744
DG,2026-09-17,124.0500,125.1200,123.5100,124.9500,2259421
DG,2026-09-18,125.7400,125.7400,122.2200,122.4100,4730207
DG,2026-09-21,123.5200,124.0000,121.6700,121.9100,2375246
DG,2026-09-22,123.3400,125.0300,122.4650,122.6300,1893902
DG,2026-09-23,122.5000,122.8800,120.0500,120.6000,1610517
DG,2026-09-24,123.0000,124.9900,122.3200,122.5300,2324817
DG,2026-09-25,122.6600,125.7750,122.3000,124.8400,2506458
DG,2026-09-28,122.9700,125.5400,122.4500,124.3700,2452451
DG,2026-09-29,123.9700,124.0400,120.4800,122.6400,2708410
DG,2026-09-30,124.0200,124.3000,118.8500,119.5800,2581123
DG,2026-10-01,120.0200,121.1200,118.4600,118.9300,1864883
DG,2026-10-02,119.2500,119.3400,117.3050,118.9400,1603904
DG,2026-10-05,118.9300,121.4400,118.2000,119.3200,1717650
DG,2026-10-06,120.7700,124.7200,120.4700,123.2700,2592774
DG,2026-10-07,123.3100,124.4150,122.0700,122.1400,1676527
DG,2026-10-08,121.9400,125.3400,121.5100,124.3000,2291517
EBAY,2026-05-18,115.6100,116.3750,113.9800,114.4300,5017092
EBAY,2026-05-19,113.8000,114.8900,112.7100,114.2400,4964779
EBAY,2026-05-20,114.5300,119.3100,113.2800,118.9600,8121643
EBAY,2026-05-21,118.1100,118.9400,116.1500,117.1300,4758299
EBAY,2026-05-22,117.5700,118.6750,115.5950,115.7500,4202912
EBAY,2026-05-26,116.1000,116.6700,114.8625,115.3100,3613165
EBAY,2026-05-27,114.9100,115.9299,110.2400,110.3600,4755026
EBAY,2026-05-28,110.6300,112.3100,108.9500,112.1300,5064199
EBAY,2026-05-29,111.0200,111.5400,108.0650,109.2700,9512736
EBAY,2026-06-01,109.9100,110.8300,107.5300,110.3500,4383683
EBAY,2026-06-02,110.7550,112.0000,107.7800,108.8800,4625180
EBAY,2026-06-03,108.5300,110.0000,108.1250,108.8200,3081882
EBAY,2026-06-04,109.9200,110.6400,108.5600,109.1500,4465933
EBAY,2026-06-05,109.5100,111.7500,108.7200,109.3500,4018351
EBAY,2026-06-08,109.0200,109.6400,106.9300,108.4400,2771196
EBAY,2026-06-09,108.1000,108.9790,105.8100,108.6600,2999378
EBAY,2026-06-10,107.4400,108.8000,106.3300,106.4100,4026458
EBAY,2026-06-11,107.0000,110.0650,106.4000,109.6100,3356913
EBAY,2026-06-12,110.1700,110.3000,107.0100,108.6100,2857820
EBAY,2026-06-15,109.2500,111.1100,108.6400,109.1800,4771639
EBAY,2026-06-16,108.8200,111.4500,108.8200,109.3200,3261425
EBAY,2026-06-17,108.5100,109.6000,107.4750,107.8900,3019166
EBAY,2026-06-18,108.9300,109.9100,107.1500,108.2400,8064245
EBAY,2026-06-22,106.5100,107.5300,104.8800,104.9400,4243510
EBAY,2026-06-23,105.0900,109.5900,105.0900,108.9700,3531204
EBAY,2026-06-24,109.2000,111.8600,108.4800,109.4500,2413216
EBAY,2026-06-25,110.3650,110.3650,107.3300,108.0000,2438502
EBAY,2026-06-26,107.6600,109.5200,107.2000,107.8700,5497318
EBAY,2026-06-29,109.0000,111.4000,108.4100,110.8000,2046929
EBAY,2026-06-30,110.5900,111.8400,109.1300,111.7500,2881569
EBAY,2026-07-01,111.4800,113.5700,110.4201,111.2800,2683555
EBAY,2026-07-02,111.3200,115.9800,111.3200,114.8400,2205100
EBAY,2026-07-06,114.3900,114.5799,112.5950,113.6700,1941869
EBAY,2026-07-07,113.8200,115.2800,113.8200,114.7100,2255544
EBAY,2026-07-08,114.2500,115.3800,112.3100,115.2500,2333759
EBAY,2026-07-09,115.2300,117.8300,114.4200,117.3300,2223263
EBAY,2026-07-10,116.9100,118.0500,116.3701,117.2000,2224721
EBAY,2026-07-13,117.7800,118.1300,114.5950,115.0900,2393841
EBAY,2026-07-14,114.5400,114.8000,111.5000,112.5400,4464944
EBAY,2026-07-15,113.3400,114.3900,112.5000,112.7600,3116230
EBAY,2026-07-16,112.3800,113.2700,109.9400,110.9100,4822125
EBAY,2026-07-17,110.7250,112.2800,109.8500,112.0600,5099014
EBAY,2026-07-20,112.7050,114.5900,111.5650,114.1900,3581586
EBAY,2026-07-21,113.3100,115.0150,112.1900,113.0450,4356169
EBAY,2026-07-22,113.8500,113.9800,110.7100,110.9500,3799596
EBAY,2026-07-23,109.9700,110.0750,107.5200,109.3200,4412069
EBAY,2026-07-24,106.7800,109.5100,106.4342,109.3900,3488755
EBAY,2026-07-27,109.3700,113.5300,109.1300,113.2100,4175220
EBAY,2026-07-28,114.5000,117.6300,114.0260,117.4400,3776119
EBAY,2026-07-29,117.1500,117.6300,115.0700,115.3000,3116409
EBAY,2026-07-30,113.8600,114.6675,111.7900,113.5200,2706671
EBAY,2026-07-31,113.7800,114.3800,112.6600,114.0100,3676148
EBAY,2026-08-03,111.5700,112.1900,107.0800,107.1300,6517827
EBAY,2026-08-04,106.2000,109.7300,106.0100,109.6100,4586210
EBAY,2026-08-05,109.3300,111.4750,106.4000,111.1500,7274663
EBAY,2026-08-06,112.0000,113.6000,106.5100,110.1400,7233080
EBAY,2026-08-07,111.5700,115.1684,110.4100,111.9800,5512586
EBAY,2026-08-10,109.2700,111.0000,106.5600,107.7100,5113234
EBAY,2026-08-11,107.0500,107.8200,105.7200,106.0100,2954120
EBAY,2026-08-12,104.9800,105.4500,101.8800,102.3100,4200947
EBAY,2026-08-13,102.4200,104.8400,102.4200,104.5800,3232740
EBAY,2026-08-14,104.5900,104.8100,102.9900,103.1400,2760529
EBAY,2026-08-17,102.3600,103.1700,100.5000,100.9400,6499504
EBAY,2026-08-18,101.3900,104.2999,100.7000,102.2700,6472943
EBAY,2026-08-19,103.8000,105.4700,102.5200,102.6400,4419496
EBAY,2026-08-20,103.2900,105.2999,102.6200,104.6100,5580117
EBAY,2026-08-21,104.8350,105.6200,103.6900,104.1300,3901421
EBAY,2026-08-24,104.5500,107.3700,103.7500,107.0800,3867046
EBAY,2026-08-25,106.5300,107.1384,105.4500,106.0000,2444833
EBAY,2026-08-26,105.7200,106.0800,103.9400,104.2000,2037540
EBAY,2026-08-27,101.7150,103.4550,101.0000,102.2700,3421604
EBAY,2026-08-28,102.7400,106.0200,102.7101,105.6200,4277531
EBAY,2026-08-31,104.6000,105.3000,103.0200,103.5600,7524630
EBAY,2026-09-01,103.8300,106.2900,102.8200,104.9800,3336353
EBAY,2026-09-02,104.6400,108.2000,104.1025,106.7000,4229599
EBAY,2026-09-03,107.4500,109.6500,105.5400,105.8600,3388489
EBAY,2026-09-04,104.1800,104.5900,103.0000,103.4100,3198190
EBAY,2026-09-08,102.6300,105.2500,99.8500,104.5900,7052895
EBAY,2026-09-09,102.9100,105.8600,101.4000,103.5100,8026501
EBAY,2026-09-10,103.5100,106.0000,102.9350,105.0300,3565429
EBAY,2026-09-11,105.8000,107.8400,105.0850,107.7500,3153730
EBAY,2026-09-14,107.8650,110.6300,107.7500,108.9900,4634275
EBAY,2026-09-15,109.3200,109.5300,106.5200,108.0300,3662908
EBAY,2026-09-16,107.4400,109.6800,106.0550,109.1700,4649928
EBAY,2026-09-17,109.2700,113.3100,108.1900,112.9000,6291275
EBAY,2026-09-18,111.4900,113.6250,111.1200,111.8400,20887211
EBAY,2026-09-21,111.4900,112.2450,108.0600,108.3000,5189591
EBAY,2026-09-22,108.8400,110.2600,107.1400,109.2800,4526366
EBAY,2026-09-23,109.3900,110.8600,106.4368,109.0900,4096351
EBAY,2026-09-24,109.8700,110.7550,107.5000,107.8300,3151357
EBAY,2026-09-25,108.1700,109.0600,107.2900,107.9000,2859257
EBAY,2026-09-28,107.5700,108.7300,105.7200,107.3200,3726240
EBAY,2026-09-29,107.0000,107.7000,104.8000,105.2100,3900346
EBAY,2026-09-30,104.6100,108.3600,104.6100,106.0500,3484122
EBAY,2026-10-01,107.1100,107.6399,104.6384,105.8900,3704142
EBAY,2026-10-02,106.8200,108.3750,105.6650,106.4000,2972905
EBAY,2026-10-05,107.4400,107.7800,105.6600,107.1400,2757846
EBAY,2026-10-06,106.6100,107.2500,104.7100,107.0600,2421343
EBAY,2026-10-07,107.7600,108.6838,107.0700,107.6000,2781229
EBAY,2026-10-08,108.1900,112.1000,107.0600,111.9800,2986950
ENTA,2026-05-14,13.9800,14.1200,13.5500,13.8100,269710
ENTA,2026-05-15,13.5900,14.0000,13.1900,13.4100,221933
ENTA,2026-05-18,13.4300,13.8600,13.2400,13.4500,259329
ENTA,2026-05-19,13.4700,13.9100,13.3500,13.7600,203871
ENTA,2026-05-20,13.7600,14.2400,13.5400,13.6100,161204
ENTA,2026-05-21,13.5000,13.9650,13.4000,13.8300,141618
ENTA,2026-05-22,13.9400,14.4050,13.7900,13.9500,141313
ENTA,2026-05-26,14.0700,14.1100,13.3800,13.5300,330509
ENTA,2026-05-27,13.5300,13.8500,13.0950,13.1900,295433
ENTA,2026-05-28,13.1900,13.4900,13.0500,13.2300,165553
ENTA,2026-05-29,13.1900,13.3100,13.0200,13.1600,187996
ENTA,2026-06-01,13.1000,13.3100,12.5000,12.6700,198306
ENTA,2026-06-02,12.5100,12.6000,11.9100,12.0300,196987
ENTA,2026-06-03,11.9200,12.0300,11.1700,11.2400,372302
ENTA,2026-06-04,11.3300,11.9850,11.3300,11.7300,208575
ENTA,2026-06-05,11.6800,11.6800,11.2500,11.2800,135055
ENTA,2026-06-08,11.4700,13.2350,10.8600,11.0700,158110
ENTA,2026-06-09,11.2300,11.5500,11.1850,11.3500,131333
ENTA,2026-06-10,11.3500,11.7500,11.2050,11.7000,142985
ENTA,2026-06-11,11.7500,11.7500,11.1800,11.5100,263185
ENTA,2026-06-12,11.4800,12.1000,11.1100,11.9000,190271
ENTA,2026-06-15,11.9500,12.2200,11.4100,11.4400,114011
ENTA,2026-06-16,11.4400,12.0700,11.3300,12.0700,142652
ENTA,2026-06-17,12.0500,12.6500,12.0500,12.6400,171430
ENTA,2026-06-18,12.8700,13.1000,12.4800,12.6600,254121
ENTA,2026-06-22,12.8500,13.4000,12.6500,13.3700,225467
ENTA,2026-06-23,13.2200,14.1200,12.9200,14.0600,401620
ENTA,2026-06-24,14.0800,14.6950,13.6900,13.7200,286556
ENTA,2026-06-25,13.7200,14.2000,13.3200,13.4500,181110
ENTA,2026-06-26,13.5100,14.2500,13.4300,14.0000,938109
ENTA,2026-06-29,14.0200,14.7300,13.9400,14.5100,342573
ENTA,2026-06-30,14.5300,14.6650,14.2550,14.5800,281182
ENTA,2026-07-01,14.6300,15.2000,14.6300,14.7700,206504
ENTA,2026-07-02,14.8800,15.5100,14.7700,15.1100,299427
ENTA,2026-07-06,14.9000,15.1000,14.4100,14.5100,242106
ENTA,2026-07-07,14.6600,14.8599,14.0900,14.2600,275964
ENTA,2026-07-08,14.0600,14.8100,14.0200,14.4900,198849
ENTA,2026-07-09,14.4900,14.7100,13.9500,14.2500,162968
ENTA,2026-07-10,14.2500,14.4700,13.2400,13.7000,179224
ENTA,2026-07-13,13.6000,13.9700,13.4300,13.6400,139402
ENTA,2026-07-14,13.6400,13.7500,13.1000,13.1100,136868
ENTA,2026-07-15,13.0700,13.3950,12.8000,13.2300,101202
ENTA,2026-07-16,13.2300,13.5600,12.9400,13.1900,160366
ENTA,2026-07-17,13.0400,13.8500,13.0350,13.7400,189866
ENTA,2026-07-20,13.9900,13.9900,12.9850,13.1600,169213
ENTA,2026-07-21,13.1500,13.6500,12.9000,13.4200,159594
ENTA,2026-07-22,13.3600,13.8150,13.0100,13.0600,153950
ENTA,2026-07-23,12.8700,13.0900,12.5200,12.9500,129270
ENTA,2026-07-24,13.0600,13.0600,12.4150,12.7800,104646
ENTA,2026-07-27,12.9600,13.1600,12.6600,12.7300,91837
ENTA,2026-07-28,12.7600,12.7600,12.4050,12.6100,177279
ENTA,2026-07-29,12.5600,12.7300,12.3700,12.4500,147298
ENTA,2026-07-30,12.4200,13.0200,12.3200,13.0000,142363
ENTA,2026-07-31,12.7300,12.9900,12.5000,12.6000,143719
ENTA,2026-08-03,12.7000,12.9700,12.3400,12.9500,168147
ENTA,2026-08-04,13.0500,13.6300,12.7100,13.3200,209591
ENTA,2026-08-05,13.4000,13.6800,13.0300,13.2200,230044
ENTA,2026-08-06,13.2700,13.5400,13.1925,13.3400,220703
ENTA,2026-08-07,13.4300,13.8700,13.3500,13.7700,182991
ENTA,2026-08-10,13.7300,13.8600,13.6400,13.8100,147586
ENTA,2026-08-11,13.7400,13.8200,12.7100,13.5200,200170
ENTA,2026-08-12,13.4800,13.6750,13.2700,13.5000,149824
ENTA,2026-08-13,13.5700,13.9850,13.4400,13.4400,152715
ENTA,2026-08-14,13.3800,13.3950,12.9600,13.1600,173405
ENTA,2026-08-17,13.1300,13.3200,12.5900,12.8300,314792
ENTA,2026-08-18,12.8000,13.4200,12.8000,13.3000,196630
ENTA,2026-08-19,13.5100,13.6300,13.1601,13.5100,187392
ENTA,2026-08-20,13.4200,13.5000,12.9300,13.1300,194821
ENTA,2026-08-21,13.2700,13.7000,13.0900,13.4700,335246
ENTA,2026-08-24,13.4400,14.2700,12.8300,14.1000,357439
ENTA,2026-08-25,14.0600,15.0500,14.0200,14.0800,407078
ENTA,2026-08-26,14.0000,14.3700,13.7525,14.1500,156203
ENTA,2026-08-27,14.0800,14.1800,13.7600,13.8000,280234
ENTA,2026-08-28,13.7200,13.9100,13.4700,13.6000,155915
ENTA,2026-08-31,13.5200,13.5950,13.1200,13.3300,286516
ENTA,2026-09-01,13.3400,13.6400,13.2450,13.5100,217295
ENTA,2026-09-02,13.5600,14.1900,13.4800,14.0900,251783
ENTA,2026-09-03,14.1700,14.2900,13.8500,14.0200,239350
ENTA,2026-09-04,13.9200,14.2250,13.4500,14.0800,233450
ENTA,2026-09-08,13.9100,13.9100,13.4300,13.5000,158196
ENTA,2026-09-09,13.5000,13.5100,13.0900,13.2400,192952
ENTA,2026-09-10,13.0900,13.2100,12.4400,12.7000,312792
ENTA,2026-09-11,12.8300,13.0400,12.5900,12.9600,289137
ENTA,2026-09-14,12.8100,13.1300,12.7900,13.1200,280241
ENTA,2026-09-15,13.0700,13.0700,12.1600,12.2900,284879
ENTA,2026-09-16,12.3300,12.9200,12.3300,12.7000,267530
ENTA,2026-09-17,12.6700,12.8400,12.4850,12.5200,277682
ENTA,2026-09-18,12.4900,12.6050,12.1900,12.2000,428245
ENTA,2026-09-21,12.2800,12.2800,11.9350,12.1100,217213
ENTA,2026-09-22,12.2400,12.4700,12.0300,12.4200,164646
ENTA,2026-09-23,12.3300,12.3300,11.8727,11.9500,206321
ENTA,2026-09-24,11.9400,12.0150,11.6700,12.0000,206240
ENTA,2026-09-25,11.9900,12.0000,11.6400,11.8800,217317
ENTA,2026-09-28,11.8800,12.6800,11.6900,12.6150,349328
ENTA,2026-09-29,12.6200,12.8500,12.4300,12.6400,322820
ENTA,2026-09-30,12.6700,13.4100,12.4400,13.1800,425884
ENTA,2026-10-01,13.0800,13.4500,12.8300,12.8400,331488
ENTA,2026-10-02,13.2000,13.2100,12.5800,12.9600,748004
ENTA,2026-10-05,12.9500,13.0250,12.4700,12.6000,218875
ENTA,2026-10-06,12.6600,12.6600,11.9700,12.1700,271696
ETR,2026-05-14,112.4700,113.0150,111.9700,112.9000,2318908
ETR,2026-05-15,111.5700,111.9850,108.9900,109.0300,5005397
ETR,2026-05-18,109.7900,110.4900,108.2750,109.5800,4326193
ETR,2026-05-19,108.9400,110.7300,108.7400,110.5500,4564675
ETR,2026-05-20,111.3100,112.3800,110.9000,111.9300,3775242
ETR,2026-05-21,111.6600,112.4300,110.9600,112.2700,3262406
ETR,2026-05-22,112.4400,112.8690,111.4150,112.4000,2767994
ETR,2026-05-26,113.0600,113.2250,111.8800,111.9700,3520387
ETR,2026-05-27,111.4600,111.8300,110.2900,111.5100,2257993
ETR,2026-05-28,111.1400,111.6700,109.4100,109.6200,3825558
ETR,2026-05-29,109.6900,110.0800,108.3400,109.0500,4983856
ETR,2026-06-01,107.5500,107.9700,104.9300,104.9700,3046075
ETR,2026-06-02,105.4900,107.9500,104.9700,107.6000,2970012
ETR,2026-06-03,108.5000,111.3400,108.2400,108.6600,3604188
ETR,2026-06-04,109.7100,109.7190,107.6200,109.2800,5223240
ETR,2026-06-05,109.4200,111.7700,109.2700,110.7400,5273415
ETR,2026-06-08,111.1600,111.2600,107.8900,108.1100,2561880
ETR,2026-06-09,108.5900,109.7600,107.7750,109.6600,2576773
ETR,2026-06-10,111.1700,111.9600,110.2100,110.4800,4201829
ETR,2026-06-11,111.4300,112.1050,109.7900,109.8900,2275313
ETR,2026-06-12,110.0200,111.1450,110.0200,111.1100,2718833
ETR,2026-06-15,110.0600,111.8600,109.6371,111.0800,2769325
ETR,2026-06-16,111.1600,113.5200,111.0579,112.3900,3650193
ETR,2026-06-17,111.9200,112.5150,110.4700,110.8600,3790396
ETR,2026-06-18,111.4800,112.6600,110.5300,111.1100,6611043
ETR,2026-06-22,112.1600,112.8500,110.7100,112.2000,3623115
ETR,2026-06-23,112.7900,113.9600,111.8406,113.8100,3513702
ETR,2026-06-24,114.5900,115.0000,113.2400,114.6900,3108519
ETR,2026-06-25,115.0000,115.9100,114.0600,115.3800,2967094
ETR,2026-06-26,115.9300,116.3850,115.2900,115.9100,3997427
ETR,2026-06-29,115.9500,116.7116,115.1350,116.3300,3254425
ETR,2026-06-30,115.7100,116.4050,113.9600,114.8600,3714442
ETR,2026-07-01,113.2300,114.5900,112.1200,112.8600,3763414
ETR,2026-07-02,113.5200,116.0597,113.0000,115.1100,2726855
ETR,2026-07-06,114.7700,115.2000,113.4300,113.8300,2086866
ETR,2026-07-07,114.7000,116.9300,114.2100,115.1900,2405498
ETR,2026-07-08,115.5600,115.7050,114.0200,114.3400,2004140
ETR,2026-07-09,115.0000,115.2800,113.6900,113.9300,3997156
ETR,2026-07-10,113.8900,115.3550,113.8900,115.0500,2484230
ETR,2026-07-13,114.8200,116.4100,114.6600,114.8400,1901028
ETR,2026-07-14,115.6400,116.7000,114.8500,115.4100,2015496
ETR,2026-07-15,115.3300,115.8800,113.8700,114.2400,2054556
ETR,2026-07-16,114.2000,115.6200,113.8550,114.8700,1562533
ETR,2026-07-17,116.0500,116.8000,112.9850,113.2400,4598279
ETR,2026-07-20,113.8900,115.1100,111.8300,111.9100,3090675
ETR,2026-07-21,111.8600,112.3800,110.8700,112.2200,3456147
ETR,2026-07-22,113.4400,115.2800,112.9201,114.8800,2231219
ETR,2026-07-23,113.9200,116.0000,113.8600,115.8000,2415098
ETR,2026-07-24,116.3700,116.5200,115.2500,115.9500,1832328
ETR,2026-07-27,114.7600,115.8400,113.1250,113.7600,2026725
ETR,2026-07-28,113.6600,115.3551,112.3200,112.3200,4269053
ETR,2026-07-29,114.2900,114.2900,107.7100,107.7900,4302125
ETR,2026-07-30,108.4400,110.3000,107.9375,108.0300,3796480
ETR,2026-07-31,108.7100,109.6900,107.6000,107.6200,2603543
ETR,2026-08-03,107.0000,109.1100,106.5900,108.0600,3018330
ETR,2026-08-04,107.9600,109.3850,106.6800,108.8600,2894631
ETR,2026-08-05,108.4800,109.1900,105.8100,106.8600,2244802
ETR,2026-08-06,107.9500,108.1950,105.3900,106.4900,2050535
ETR,2026-08-07,107.2200,108.3700,105.6200,107.1800,2021336
ETR,2026-08-10,106.7500,107.0100,105.4000,105.6500,2123683
ETR,2026-08-11,105.9900,106.9500,105.5600,106.5700,2684227
ETR,2026-08-12,107.9850,108.1300,106.9900,107.8500,2241644
ETR,2026-08-13,107.3000,107.8500,106.6000,106.9100,1682918
ETR,2026-08-14,106.5900,108.0700,106.4950,107.8400,1751894
ETR,2026-08-17,107.6000,109.4898,107.0700,108.5200,1722307
ETR,2026-08-18,109.5200,110.2900,108.0400,108.0800,1911199
ETR,2026-08-19,108.8800,109.2800,107.3150,107.9600,2083285
ETR,2026-08-20,107.3400,108.8500,107.2850,107.3400,1649831
ETR,2026-08-21,107.7400,108.3000,104.5200,104.6200,2118416
ETR,2026-08-24,104.4600,105.9550,104.3150,105.7900,1383824
ETR,2026-08-25,106.3400,107.1350,106.0000,106.2400,1773717
ETR,2026-08-26,106.4100,107.7769,106.2100,107.2300,1370474
ETR,2026-08-27,106.2500,107.0700,105.5400,106.4900,1644939
ETR,2026-08-28,107.1700,107.8800,105.3100,105.7500,1448620
ETR,2026-08-31,105.7300,106.7200,104.8550,106.3100,2903851
ETR,2026-09-01,106.8200,107.1400,105.5700,107.0200,2293318
ETR,2026-09-02,107.1100,107.5500,105.6400,106.7500,3705196
ETR,2026-09-03,107.0000,108.6000,106.7150,107.7800,2664319
ETR,2026-09-04,106.9200,108.0900,106.9200,107.2700,2794792
ETR,2026-09-08,107.2900,109.0400,107.2100,108.5300,3613661
ETR,2026-09-09,108.5000,108.8100,106.9050,107.1700,2726998
ETR,2026-09-10,107.0000,107.7900,105.7200,105.7300,2047585
ETR,2026-09-11,106.7100,107.3850,104.8700,105.3300,4179399
ETR,2026-09-14,105.2900,105.5800,102.6500,103.6400,3583326
ETR,2026-09-15,104.0700,104.0700,102.4500,102.9200,2354745
ETR,2026-09-16,103.7700,103.8750,101.6500,102.3200,2870951
ETR,2026-09-17,103.0800,103.4190,102.0050,103.3100,2605302
ETR,2026-09-18,103.1200,103.1800,101.6450,102.0100,6131637
ETR,2026-09-21,102.2100,102.7400,101.2100,101.5800,2758816
ETR,2026-09-22,101.4700,102.0600,100.9150,101.1600,2847549
ETR,2026-09-23,100.6300,100.7950,98.8400,99.2300,2778514
ETR,2026-09-24,99.3800,100.1400,97.9600,98.1600,2489215
ETR,2026-09-25,98.0000,98.7500,97.0250,98.5700,3339206
ETR,2026-09-28,98.2800,98.2800,96.9192,98.1000,2378778
ETR,2026-09-29,97.6800,100.0300,97.0400,99.7600,3978772
ETR,2026-09-30,100.4500,100.7300,99.1650,99.2600,3811770
ETR,2026-10-01,98.7700,100.6700,97.8850,100.4000,4059264
ETR,2026-10-02,101.0800,101.9700,100.2950,100.9100,2647822
ETR,2026-10-05,100.6000,101.4799,99.8250,100.8200,2128197
ETR,2026-10-06,101.3600,103.3000,101.0000,103.2500,2925320
EVRG,2026-05-18,81.2600,82.0500,80.9300,81.9600,2125175
EVRG,2026-05-19,81.7100,83.1400,81.5500,82.9700,1743655
EVRG,2026-05-20,83.2700,83.5700,82.8300,83.1600,3107502
EVRG,2026-05-21,82.7300,83.8050,82.7300,83.6500,1477170
EVRG,2026-05-22,83.1500,84.0800,82.8400,83.9400,1609757
EVRG,2026-05-26,84.4400,84.4850,83.8000,84.1100,1698811
EVRG,2026-05-27,83.8800,84.4400,83.5177,84.1700,1847981
EVRG,2026-05-28,84.0400,84.4500,82.7500,82.8500,1861918
EVRG,2026-05-29,82.6600,82.8850,81.7400,82.0400,2489167
EVRG,2026-06-01,81.2300,81.5900,80.2200,80.3900,2195567
EVRG,2026-06-02,80.3900,81.6000,80.2700,81.3500,2518605
EVRG,2026-06-03,81.5100,83.0100,81.0400,81.0700,2077891
EVRG,2026-06-04,81.8000,82.1400,80.2800,81.8900,2197658
EVRG,2026-06-05,82.0000,83.6900,81.9900,83.2700,1707961
EVRG,2026-06-08,82.9400,83.5800,81.3650,81.6900,1771718
EVRG,2026-06-09,81.9000,82.8800,81.1700,82.2700,2780786
EVRG,2026-06-10,82.9100,83.4000,82.4300,82.8300,1526617
EVRG,2026-06-11,83.3100,84.0750,82.7700,82.8100,1618269
EVRG,2026-06-12,83.0300,83.9800,83.0300,83.8500,1408143
EVRG,2026-06-15,83.3700,83.7400,82.7000,83.4400,2169593
EVRG,2026-06-16,83.8100,85.0900,83.5600,83.9700,1783717
EVRG,2026-06-17,83.9450,84.0450,82.2400,82.8500,2224776
EVRG,2026-06-18,82.8500,83.3400,82.0000,82.5000,2848389
EVRG,2026-06-22,82.4200,84.0000,82.4200,83.2500,2117879
EVRG,2026-06-23,83.7300,85.0000,83.1300,84.8400,1981486
EVRG,2026-06-24,85.1450,86.0800,84.8350,85.8200,2196335
EVRG,2026-06-25,86.1800,86.8200,85.7750,86.6600,2708435
EVRG,2026-06-26,86.9200,87.5700,86.7600,87.2100,2727005
EVRG,2026-06-29,87.2300,87.3700,86.5200,87.0100,2087271
EVRG,2026-06-30,86.9800,87.5600,85.8500,86.4300,2312589
EVRG,2026-07-01,85.4750,86.4900,85.4750,86.1900,2209345
EVRG,2026-07-02,86.4400,88.1800,86.4400,88.1300,1505460
EVRG,2026-07-06,87.9000,87.9000,85.7550,86.2700,1907134
EVRG,2026-07-07,86.8200,88.6200,86.8200,87.1200,2352911
EVRG,2026-07-08,87.1200,87.4200,85.6650,85.9100,2797869
EVRG,2026-07-09,86.1200,86.2800,85.0400,85.2800,3199525
EVRG,2026-07-10,85.3200,86.1600,85.3200,85.7100,1681981
EVRG,2026-07-13,86.1700,87.2199,85.9750,86.4500,2322379
EVRG,2026-07-14,86.8600,87.5200,86.0800,86.4500,2340913
EVRG,2026-07-15,86.2200,86.5500,85.0850,85.4200,1795544
EVRG,2026-07-16,85.5600,86.6400,85.4400,86.5600,1867858
EVRG,2026-07-17,87.3500,88.1200,85.2800,85.5900,1874809
EVRG,2026-07-20,86.1700,86.6600,84.9200,85.1600,1634412
EVRG,2026-07-21,85.1800,85.3500,84.4600,84.9200,2821617
EVRG,2026-07-22,85.6400,86.6600,85.1800,86.5600,1597532
EVRG,2026-07-23,85.9700,86.9700,85.8700,86.6500,1899780
EVRG,2026-07-24,87.0700,87.6600,86.7600,87.1800,1644731
EVRG,2026-07-27,87.0100,87.2900,85.6700,85.8400,1415844
EVRG,2026-07-28,86.5200,87.4300,85.6400,85.6600,1607892
EVRG,2026-07-29,85.9300,86.1400,83.4450,84.0000,2029124
EVRG,2026-07-30,84.1000,84.3700,82.6200,83.2500,1677418
EVRG,2026-07-31,83.0600,83.5750,82.5200,83.0100,2840687
EVRG,2026-08-03,82.9150,84.1800,82.4550,83.2300,1891416
EVRG,2026-08-04,83.0100,83.9700,82.0200,83.8400,2088013
EVRG,2026-08-05,83.6500,83.8200,82.3700,83.0600,1698548
EVRG,2026-08-06,84.7500,84.7500,82.4100,83.0200,2116322
EVRG,2026-08-07,82.9300,83.9900,82.4050,83.3800,1655564
EVRG,2026-08-10,82.8600,83.2450,82.0000,82.0900,2642745
EVRG,2026-08-11,82.3000,82.8200,81.4400,82.0300,1774824
EVRG,2026-08-12,82.3900,83.3400,82.2100,83.3200,1901889
EVRG,2026-08-13,83.5600,83.9200,83.2400,83.4900,2125723
EVRG,2026-08-14,83.3900,84.1900,83.3150,84.0300,973622
EVRG,2026-08-17,83.7500,84.0100,83.4200,83.9300,2032757
EVRG,2026-08-18,84.1800,84.5500,83.3500,83.4200,1551500
EVRG,2026-08-19,83.9200,84.5600,83.2100,83.5800,1653523
EVRG,2026-08-20,83.5800,84.4700,83.1000,83.1600,2381404
EVRG,2026-08-21,83.5100,83.5100,80.6950,80.9200,1706120
EVRG,2026-08-24,80.8100,81.5300,80.4000,81.3900,2544177
EVRG,2026-08-25,81.3900,81.8150,81.1300,81.4100,1163737
EVRG,2026-08-26,81.4700,82.4250,81.3600,82.2300,1146043
EVRG,2026-08-27,81.4000,81.7900,81.0000,81.4200,3596749
EVRG,2026-08-28,82.0200,82.0200,80.4800,80.6500,1448129
EVRG,2026-08-31,80.4000,81.3300,79.8500,81.0200,2798171
EVRG,2026-09-01,81.2100,81.8000,80.9000,81.5200,2200914
EVRG,2026-09-02,81.3600,81.6850,80.4450,80.7700,2360024
EVRG,2026-09-03,80.9700,82.2600,80.7350,81.9300,2329299
EVRG,2026-09-04,81.1200,82.3300,81.1100,81.5400,1786433
EVRG,2026-09-08,81.4500,82.6300,81.4500,82.2400,2135918
EVRG,2026-09-09,82.3600,82.5100,80.8100,81.2200,1699050
EVRG,2026-09-10,81.5750,81.9900,80.9400,81.3600,3012900
EVRG,2026-09-11,81.9500,82.0450,81.1550,81.6200,2262331
EVRG,2026-09-14,82.0450,82.1300,80.7900,80.8600,2469280
EVRG,2026-09-15,81.1900,81.1900,79.8900,80.2000,1773941
EVRG,2026-09-16,80.6200,81.0900,80.0950,80.3900,1958797
EVRG,2026-09-17,80.6100,81.2100,80.5000,80.8400,2355991
EVRG,2026-09-18,80.8000,80.8000,79.6450,79.7800,3391950
EVRG,2026-09-21,79.7800,79.8800,78.8900,79.2600,1961458
EVRG,2026-09-22,79.2200,80.1000,78.9900,79.2700,1804293
EVRG,2026-09-23,78.9600,79.2000,78.3650,78.4200,2381186
EVRG,2026-09-24,78.4200,78.5700,77.6050,77.6600,1647929
EVRG,2026-09-25,77.6600,78.1700,77.1100,78.0400,1706549
EVRG,2026-09-28,78.0400,78.3200,77.3600,77.9100,3762196
EVRG,2026-09-29,77.5300,78.8800,77.2400,78.7300,2771533
EVRG,2026-09-30,78.6500,79.6000,78.4150,78.4400,3914293
EVRG,2026-10-01,78.3800,78.9300,77.5100,78.7900,2545817
EVRG,2026-10-02,79.3700,79.7900,79.0350,79.1700,2258334
EVRG,2026-10-05,79.0800,79.6600,78.5400,79.0900,1950912
EVRG,2026-10-06,79.4900,80.4000,79.2100,80.3500,1930828
EVRG,2026-10-07,80.2100,80.7600,79.8901,80.3000,2455185
EVRG,2026-10-08,80.3000,80.6600,79.6200,80.5200,1988675
EXEL,2026-05-14,51.4900,51.6300,50.2750,51.1000,2420763
EXEL,2026-05-15,51.0900,51.3050,49.5900,50.1300,2069205
EXEL,2026-05-18,50.3200,50.5300,49.4400,49.8400,2596104
EXEL,2026-05-19,49.4700,49.7000,48.2100,48.6700,2843822
EXEL,2026-05-20,49.0000,50.2000,48.8800,49.9000,2413193
EXEL,2026-05-21,49.4300,50.0000,49.0100,49.6500,1487989
EXEL,2026-05-22,49.7500,50.3300,49.5100,50.1500,1543918
EXEL,2026-05-26,50.5500,50.7100,49.5100,49.9800,2104267
EXEL,2026-05-27,50.3700,50.8900,49.8600,50.0300,2434866
EXEL,2026-05-28,50.0400,52.9600,50.0000,51.4500,3572255
EXEL,2026-05-29,51.4100,51.7200,50.4200,50.4800,2951593
EXEL,2026-06-01,50.8700,50.9350,49.7000,50.2800,2447429
EXEL,2026-06-02,50.2800,50.4350,48.4000,48.5400,3037202
EXEL,2026-06-03,48.6200,51.6300,48.1036,51.6000,2979299
EXEL,2026-06-04,51.9700,52.7900,51.4600,52.4900,2409781
EXEL,2026-06-05,52.4400,52.9800,52.2050,52.7000,2161997
EXEL,2026-06-08,52.7450,52.8900,51.3200,51.7400,1918462
EXEL,2026-06-09,52.5250,53.2800,52.0050,52.9900,1774751
EXEL,2026-06-10,52.7400,53.8200,52.5300,52.5800,3104622
EXEL,2026-06-11,52.6600,53.9300,52.4900,53.5000,1823879
EXEL,2026-06-12,53.5000,53.8700,53.0550,53.1300,1584587
EXEL,2026-06-15,53.3000,53.3500,52.0300,53.0000,2025466
EXEL,2026-06-16,53.3400,53.3550,52.0700,52.1000,1676459
EXEL,2026-06-17,52.1000,53.0000,51.5500,52.4400,2016149
EXEL,2026-06-18,53.0700,53.1200,50.9600,51.9100,6545171
EXEL,2026-06-22,52.0000,52.9500,50.8000,51.3500,3504387
EXEL,2026-06-23,51.3900,52.0650,50.8800,51.3400,2574378
EXEL,2026-06-24,51.8800,53.0900,51.7000,52.8700,2931626
EXEL,2026-06-25,52.7200,53.7000,51.7700,53.2300,2256253
EXEL,2026-06-26,53.4500,55.1500,53.0750,54.7700,6931468
EXEL,2026-06-29,55.0000,55.9100,53.9100,54.2800,2587750
EXEL,2026-06-30,54.6300,54.8800,54.0000,54.4100,2599397
EXEL,2026-07-01,54.2000,54.4712,53.2481,53.9600,1843248
EXEL,2026-07-02,54.4300,56.2100,54.1000,55.8500,2364108
EXEL,2026-07-06,55.9150,55.9710,54.8500,55.5300,3143396
EXEL,2026-07-07,56.1600,57.5700,55.8000,57.0800,3334609
EXEL,2026-07-08,56.5700,56.8670,55.3700,56.1100,1783224
EXEL,2026-07-09,56.0200,57.4199,56.0200,57.1000,2511853
EXEL,2026-07-10,57.1900,57.2700,55.6650,56.5000,3219800
EXEL,2026-07-13,56.2400,56.4650,55.0800,56.0400,2844304
EXEL,2026-07-14,55.7500,56.0300,55.1000,55.7700,1799548
EXEL,2026-07-15,55.3200,55.9250,54.3928,55.5500,1895909
EXEL,2026-07-16,55.5500,56.7499,55.2900,55.6800,2031019
EXEL,2026-07-17,55.0000,56.1000,54.7501,55.9200,2555561
EXEL,2026-07-20,56.1100,56.6899,55.5000,55.5300,2381658
EXEL,2026-07-21,55.6600,56.4400,55.0500,56.1200,1820120
EXEL,2026-07-22,56.0000,56.0600,54.9300,54.9800,1656466
EXEL,2026-07-23,54.5800,55.7100,54.2000,55.6500,1659664
EXEL,2026-07-24,56.0700,56.3400,55.1100,55.3700,1838009
EXEL,2026-07-27,55.8100,56.7350,55.6900,55.8100,2316906
EXEL,2026-07-28,56.4000,56.8550,55.3300,56.5100,2489469
EXEL,2026-07-29,56.4500,56.5850,55.1400,55.3300,1882518
EXEL,2026-07-30,54.9000,56.1100,54.6100,55.9700,2486679
EXEL,2026-07-31,55.7550,56.1800,52.7900,53.0300,3025578
EXEL,2026-08-03,53.0650,55.1500,52.3200,55.0600,4301629
EXEL,2026-08-04,55.0600,56.4700,54.2600,56.0000,2729948
EXEL,2026-08-05,56.2700,56.9454,55.5700,56.7000,4202047
EXEL,2026-08-06,52.9200,55.4350,51.7600,52.2000,5410948
EXEL,2026-08-07,52.6900,54.1400,52.1700,54.0700,3550012
EXEL,2026-08-10,53.9980,54.0250,52.4700,52.9600,3349673
EXEL,2026-08-11,52.8700,53.4900,51.1400,51.3300,2038685
EXEL,2026-08-12,51.0000,51.5200,50.3000,50.3800,2938705
EXEL,2026-08-13,50.5400,51.1400,49.9700,50.6100,1948740
EXEL,2026-08-14,50.3200,51.2900,50.0200,51.2400,2342519
EXEL,2026-08-17,51.2500,52.7000,50.8050,52.3200,2372576
EXEL,2026-08-18,52.3200,53.3600,52.1100,53.1200,1290526
EXEL,2026-08-19,53.4600,54.5800,53.1000,54.3900,2503640
EXEL,2026-08-20,53.7600,54.5000,53.4400,53.6900,1950664
EXEL,2026-08-21,53.7400,54.6800,53.7000,54.0800,1949764
EXEL,2026-08-24,53.8900,54.7900,53.3900,54.5500,2423091
EXEL,2026-08-25,54.9500,56.7400,54.9500,56.7200,2024358
EXEL,2026-08-26,56.5400,56.9000,56.0600,56.1000,1816723
EXEL,2026-08-27,55.7600,56.0800,54.8300,55.2600,1489697
EXEL,2026-08-28,55.1400,55.2500,54.1200,54.4500,1486617
EXEL,2026-08-31,54.1000,55.0200,53.4283,54.6400,2246348
EXEL,2026-09-01,54.7500,56.9700,54.7500,56.8900,2413531
EXEL,2026-09-02,57.2100,59.1100,56.6950,58.5300,2851454
EXEL,2026-09-03,58.7500,59.7200,58.1950,59.1300,2141585
EXEL,2026-09-04,58.5020,59.2550,58.4550,59.0100,1580988
EXEL,2026-09-08,58.9700,59.4100,57.5500,57.6700,2538923
EXEL,2026-09-09,57.6000,58.3600,56.9500,58.3300,1770279
EXEL,2026-09-10,58.3300,58.3300,57.2300,57.4300,1789572
EXEL,2026-09-11,56.7600,57.4300,54.5450,56.1200,2916863
EXEL,2026-09-14,56.4400,57.0700,55.9100,56.2100,1739463
EXEL,2026-09-15,55.9300,56.9700,54.9450,56.9000,1980448
EXEL,2026-09-16,57.0400,57.7800,56.3250,56.7800,1879641
EXEL,2026-09-17,57.2300,58.5200,57.2300,58.4900,1785586
EXEL,2026-09-18,58.2850,59.1500,57.8950,58.3600,5243436
EXEL,2026-09-21,58.6100,58.8050,56.9009,57.2200,2102596
EXEL,2026-09-22,57.6500,59.0895,57.3300,58.1500,1860283
EXEL,2026-09-23,58.2200,58.6600,56.2600,56.7300,1431534
EXEL,2026-09-24,56.7000,57.9900,56.5800,57.9500,1925760
EXEL,2026-09-25,58.2500,58.6200,57.6300,58.1600,1989681
EXEL,2026-09-28,57.9700,58.6600,57.5100,58.3700,1278704
EXEL,2026-09-29,58.0600,59.1250,57.5300,58.6500,2244178
EXEL,2026-09-30,58.9000,61.1400,58.4000,58.4100,3065021
EXEL,2026-10-01,58.5400,59.2800,57.7600,57.9400,1369460
EXEL,2026-10-02,58.1100,58.9700,57.9400,58.3900,1969279
EXEL,2026-10-05,58.3600,59.7900,57.8150,58.8500,2580702
EXEL,2026-10-06,58.8500,59.0000,57.0200,58.3300,2031705
FTNT,2026-05-18,121.6900,126.6100,120.8747,126.5000,5624870
FTNT,2026-05-19,127.8050,128.2000,123.7600,127.6400,7005856
FTNT,2026-05-20,125.9100,130.3600,125.3304,130.0000,5974955
FTNT,2026-05-21,128.9100,129.7100,127.4000,129.4600,4266227
FTNT,2026-05-22,130.0000,134.1900,128.5665,133.9300,5819666
FTNT,2026-05-26,132.9750,134.9100,130.6000,133.9600,4822265
FTNT,2026-05-27,129.5500,131.5000,126.7800,127.9300,6864694
FTNT,2026-05-28,128.5800,129.9350,126.6100,129.7000,5807432
FTNT,2026-05-29,129.5850,138.1100,129.0000,137.9700,9631544
FTNT,2026-06-01,141.1600,147.4900,140.2500,147.1400,7537402
FTNT,2026-06-02,144.3400,149.0300,141.7500,148.8600,7275590
FTNT,2026-06-03,145.3800,148.4700,143.3850,146.4800,7983352
FTNT,2026-06-04,146.2000,150.0700,144.3200,149.6700,5393030
FTNT,2026-06-05,148.4600,149.0500,143.4550,144.6800,7122674
FTNT,2026-06-08,145.5100,147.0000,142.5050,143.0400,5333453
FTNT,2026-06-09,143.1300,144.3000,133.0500,138.3900,7801470
FTNT,2026-06-10,137.8000,141.3000,137.0100,138.8800,6267104
FTNT,2026-06-11,141.0100,146.3100,139.3950,145.0600,7433790
FTNT,2026-06-12,143.6420,146.3800,142.1478,146.3000,5084049
FTNT,2026-06-15,146.3200,149.5000,143.9800,149.4900,5207304
FTNT,2026-06-16,148.8800,148.8800,144.3323,147.0200,5194609
FTNT,2026-06-17,145.8050,148.0000,141.6900,144.1400,7649093
FTNT,2026-06-18,143.4850,147.2000,139.7900,144.7300,18432871
FTNT,2026-06-22,146.3550,149.1900,143.5900,145.3900,5607486
FTNT,2026-06-23,144.8300,148.3600,143.4700,148.0000,5921180
FTNT,2026-06-24,147.7000,148.8200,144.5700,145.2800,4742339
FTNT,2026-06-25,144.6200,151.9700,144.6200,149.9300,6549435
FTNT,2026-06-26,150.8100,152.7700,147.5500,151.3500,9199715
FTNT,2026-06-29,152.9740,159.0700,152.1300,155.4200,6780273
FTNT,2026-06-30,151.0400,154.4652,150.7300,153.6200,6678719
FTNT,2026-07-01,154.7400,159.8000,152.5400,158.9800,4734373
FTNT,2026-07-02,158.6400,158.9600,156.2000,156.2500,4491268
FTNT,2026-07-06,154.7450,163.5699,153.4300,162.3500,5163669
FTNT,2026-07-07,162.3900,163.3100,155.6800,158.6700,5827963
FTNT,2026-07-08,156.9950,159.4500,154.4227,156.7100,4770245
FTNT,2026-07-09,153.2700,164.0100,152.2500,163.7300,4626524
FTNT,2026-07-10,164.4350,165.2799,156.6200,157.5100,3519019
FTNT,2026-07-13,157.6700,161.9500,155.7200,160.6200,4098962
FTNT,2026-07-14,158.7750,167.2700,158.0600,166.8300,4685215
FTNT,2026-07-15,169.3900,170.3500,163.0300,164.5100,5088963
FTNT,2026-07-16,164.0700,165.0000,159.0800,160.7800,4145301
FTNT,2026-07-17,160.5000,163.8300,158.9300,161.6100,5651642
FTNT,2026-07-20,160.6350,164.5700,160.0000,160.3600,3775367
FTNT,2026-07-21,163.3800,163.5000,156.0200,158.1000,5548733
FTNT,2026-07-22,158.5700,159.0000,154.5100,155.0500,4570398
FTNT,2026-07-23,155.2900,156.4850,150.9200,151.5400,4590455
FTNT,2026-07-24,152.6960,154.3200,151.4800,152.3700,2817161
FTNT,2026-07-27,157.1300,157.1300,151.6750,152.3800,4796956
FTNT,2026-07-28,152.6000,153.2400,146.1170,149.9800,6019937
FTNT,2026-07-29,148.2700,154.9900,143.7700,153.2200,12380406
FTNT,2026-07-30,164.0000,169.2600,152.2300,154.2500,11021787
FTNT,2026-07-31,154.0100,162.5700,153.6100,161.9500,6085470
FTNT,2026-08-03,163.3050,164.5000,159.3200,163.2100,5916854
FTNT,2026-08-04,164.1100,169.1050,162.7700,168.2900,6437420
FTNT,2026-08-05,170.3500,172.0900,163.9400,164.1300,4578515
FTNT,2026-08-06,160.0700,162.7300,158.2700,160.1100,4996309
FTNT,2026-08-07,165.0150,165.5000,158.5550,159.6400,4826784
FTNT,2026-08-10,159.9000,167.1899,159.6400,164.2100,5726210
FTNT,2026-08-11,163.2400,163.9200,160.7375,161.8900,4156358
FTNT,2026-08-12,161.4800,165.1100,160.0000,160.8400,3850859
FTNT,2026-08-13,162.6400,165.7500,160.1400,165.4400,4262282
FTNT,2026-08-14,165.7500,165.7500,159.1041,160.0100,2861525
FTNT,2026-08-17,160.0500,160.4300,155.5700,155.8500,3834560
FTNT,2026-08-18,156.0000,159.9699,155.7000,158.0100,4055130
FTNT,2026-08-19,157.9700,158.5600,151.6600,152.8500,3812266
FTNT,2026-08-20,152.0000,154.4400,150.1600,150.7900,5158066
FTNT,2026-08-21,151.9000,154.1100,148.2500,153.5100,4054822
FTNT,2026-08-24,152.4250,153.8525,150.4000,151.9900,3422743
FTNT,2026-08-25,152.8600,154.3300,151.6700,153.6600,3460119
FTNT,2026-08-26,151.5000,158.4400,149.5000,157.5400,2995030
FTNT,2026-08-27,160.2400,173.8899,159.8750,172.7800,6907240
FTNT,2026-08-28,172.5800,173.0000,162.6800,166.0000,5095563
FTNT,2026-08-31,166.5950,172.5100,165.7050,170.9300,6600808
FTNT,2026-09-01,167.4150,169.9300,160.6000,161.8500,5496062
FTNT,2026-09-02,162.1900,162.2750,151.8000,154.5400,5175249
FTNT,2026-09-03,157.5000,158.6900,154.4800,156.3600,3124629
FTNT,2026-09-04,154.7000,158.4700,154.0000,156.2900,3060504
FTNT,2026-09-08,153.4400,157.7500,152.0000,157.4700,3575693
FTNT,2026-09-09,158.0200,158.8400,156.0352,157.2200,2822867
FTNT,2026-09-10,155.4250,161.9800,154.0001,158.8500,3268809
FTNT,2026-09-11,158.4000,159.3000,155.1800,156.0700,2592103
FTNT,2026-09-14,162.3250,170.9500,160.0800,170.1800,5933134
FTNT,2026-09-15,168.6700,174.0500,167.4012,172.3700,4391684
FTNT,2026-09-16,169.2500,174.6100,168.5200,171.7700,3903013
FTNT,2026-09-17,170.0800,176.1000,167.7700,172.5800,5476610
FTNT,2026-09-18,172.4600,172.9400,166.0900,169.8400,12746456
FTNT,2026-09-21,170.1850,175.6900,167.4100,175.2300,3177445
FTNT,2026-09-22,176.0850,176.0850,170.2300,174.2600,4115599
FTNT,2026-09-23,176.4700,179.3500,173.3700,178.7400,3416495
FTNT,2026-09-24,178.6450,181.3700,176.7600,178.6700,3759633
FTNT,2026-09-25,177.3000,177.7800,172.8300,173.4600,2508841
FTNT,2026-09-28,170.7000,176.9050,169.5600,176.3300,2832525
FTNT,2026-09-29,174.5000,176.6500,172.4200,175.9600,2488623
FTNT,2026-09-30,175.6700,180.4899,174.7400,178.7600,3113295
FTNT,2026-10-01,179.0450,179.9980,175.0200,178.7200,2963520
FTNT,2026-10-02,182.0900,183.0900,180.0400,180.9500,3412775
FTNT,2026-10-05,180.1300,184.6300,179.4100,184.1300,3062653
FTNT,2026-10-06,187.5100,192.4100,186.5000,191.2700,4245217
FTNT,2026-10-07,191.2650,192.2300,188.0416,189.2800,3859562
FTNT,2026-10-08,189.4300,191.5000,187.8300,189.1000,2956674
GE,2026-05-14,295.0300,297.8500,289.0800,291.5400,4686235
GE,2026-05-15,287.4900,288.3100,281.3100,281.5300,5022486
GE,2026-05-18,283.3900,287.2400,282.0400,285.9900,4696219
GE,2026-05-19,284.7900,287.4200,282.6200,285.2800,5239411
GE,2026-05-20,289.0000,300.4500,286.1800,300.1700,6026269
GE,2026-05-21,298.5000,302.8800,294.7500,301.7600,4928288
GE,2026-05-22,303.2500,306.3000,300.2500,302.8400,3504050
GE,2026-05-26,306.3500,314.9800,306.3450,314.4900,5088367
GE,2026-05-27,314.3000,320.4800,311.9500,317.2100,4789710
GE,2026-05-28,316.7700,322.3200,314.2900,320.8200,5025514
GE,2026-05-29,319.3300,325.9200,316.5800,323.7600,9347285
GE,2026-06-01,321.4800,326.4000,314.9200,324.6000,4633490
GE,2026-06-02,323.0000,325.0300,316.6600,317.7200,4827568
GE,2026-06-03,313.4400,319.5500,311.0000,314.6400,4127049
GE,2026-06-04,316.6700,329.4600,316.2500,327.6500,4243356
GE,2026-06-05,326.9000,332.4850,322.5300,328.0000,3951484
GE,2026-06-08,329.5700,332.0150,321.0400,322.0400,3152139
GE,2026-06-09,324.6500,331.3100,320.0200,330.4400,4825257
GE,2026-06-10,329.4900,330.5700,318.2500,318.7100,3777766
GE,2026-06-11,320.5600,332.9200,319.7600,332.7600,4451191
GE,2026-06-12,334.5600,336.8600,328.4700,335.3000,4377475
GE,2026-06-15,343.4500,348.9000,341.9600,342.2600,5252659
GE,2026-06-16,344.0400,352.8800,344.0400,351.7300,5210321
GE,2026-06-17,352.1050,362.3300,350.0000,357.0300,5029381
GE,2026-06-18,362.8500,364.7000,357.1000,357.6400,7763392
GE,2026-06-22,357.6400,361.2800,354.5400,355.1200,5426729
GE,2026-06-23,349.2800,359.9200,347.7684,356.4700,4735236
GE,2026-06-24,356.8400,369.2500,355.6571,365.8800,6453721
GE,2026-06-25,367.6450,379.6700,366.5100,371.3600,7592286
GE,2026-06-26,368.4000,371.4400,363.8200,369.0000,8361163
GE,2026-06-29,367.8200,376.0000,367.4700,373.7100,6071493
GE,2026-06-30,374.6100,376.8200,368.7400,373.7300,4887485
GE,2026-07-01,375.0300,376.6899,371.3800,374.9400,3951404
GE,2026-07-02,379.7900,382.9700,374.3700,377.5200,3275341
GE,2026-07-06,377.1700,380.2900,373.8350,378.6800,4065424
GE,2026-07-07,377.4000,377.9000,363.6300,366.9800,4263065
GE,2026-07-08,360.1200,363.0100,354.2500,356.0300,4214899
GE,2026-07-09,361.5900,362.2600,357.8700,359.0400,3045485
GE,2026-07-10,356.8100,360.6900,353.7500,359.2700,2335067
GE,2026-07-13,356.1700,358.7000,352.0300,353.4200,2668923
GE,2026-07-14,355.0100,359.2000,352.5700,353.7300,4416152
GE,2026-07-15,355.6000,360.6300,353.3500,360.3500,5429324
GE,2026-07-16,353.2150,354.2700,336.5300,345.7300,6883636
GE,2026-07-17,346.9900,357.0600,343.0200,348.8300,5596251
GE,2026-07-20,353.7950,357.0950,339.8900,341.3000,3887093
GE,2026-07-21,345.0000,346.2500,340.0100,340.7000,3938607
GE,2026-07-22,340.7100,345.1950,340.3650,341.1900,4200133
GE,2026-07-23,340.0000,349.7200,338.6000,349.0000,3823554
GE,2026-07-24,350.2400,359.9900,350.2000,353.7300,2958914
GE,2026-07-27,359.8600,365.5000,356.0600,361.6100,3840186
GE,2026-07-28,364.5800,366.7700,358.1900,363.5900,3626840
GE,2026-07-29,362.7000,362.7000,348.8352,350.6300,3726564
GE,2026-07-30,354.7500,356.6200,347.6600,355.0400,3187847
GE,2026-07-31,356.2400,362.4200,353.7800,360.0700,3151327
GE,2026-08-03,363.7900,369.9500,360.9650,368.9300,3371942
GE,2026-08-04,374.5200,378.8500,368.6000,377.2800,4183138
GE,2026-08-05,379.3400,384.5100,378.7375,381.2200,3160844
GE,2026-08-06,383.9700,388.8400,372.7900,374.5500,3552935
GE,2026-08-07,376.3900,377.8100,368.4400,370.0800,2527688
GE,2026-08-10,371.5200,372.2600,364.8400,366.7000,3092284
GE,2026-08-11,367.7400,372.5574,366.4725,368.0600,2286220
GE,2026-08-12,369.7900,370.2000,363.2373,365.3300,2180808
GE,2026-08-13,367.0000,367.0800,359.5500,360.6400,2738417
GE,2026-08-14,362.5000,368.6900,361.5100,368.3800,2966205
GE,2026-08-17,367.8700,372.3588,366.7613,369.4300,5515355
GE,2026-08-18,366.8900,375.5800,365.0000,375.0900,4927917
GE,2026-08-19,373.5200,374.5550,355.9800,356.2300,4923412
GE,2026-08-20,353.0900,354.5000,343.5600,344.6400,6056101
GE,2026-08-21,347.5400,351.8600,346.4100,348.3700,3549169
GE,2026-08-24,346.5900,348.4900,340.5400,341.8400,2665591
GE,2026-08-25,345.9450,350.0000,344.2200,349.5400,3135495
GE,2026-08-26,351.7800,356.3900,350.0000,354.3900,3038648
GE,2026-08-27,352.7900,353.4950,339.6000,342.7300,5096588
GE,2026-08-28,345.0850,345.6299,341.2700,342.5800,2537469
GE,2026-08-31,338.8300,339.7500,333.7200,335.7100,4477086
GE,2026-09-01,333.7100,336.2500,329.5100,331.0900,3027850
GE,2026-09-02,333.3600,333.8600,329.3100,329.5000,2691978
GE,2026-09-03,331.5500,334.4400,329.3200,333.4800,2653675
GE,2026-09-04,332.2400,337.2100,332.2400,337.1200,2511828
GE,2026-09-08,338.1100,342.7300,332.0400,334.9100,3062819
GE,2026-09-09,330.8750,332.0600,321.1600,325.4200,5021863
GE,2026-09-10,322.3600,327.5000,321.8000,324.1500,3464507
GE,2026-09-11,328.2900,329.8800,322.7700,323.6600,2528693
GE,2026-09-14,315.2000,318.4600,312.0800,317.5600,5146701
GE,2026-09-15,318.5400,320.3600,306.8000,307.0500,7275224
GE,2026-09-16,310.1750,318.5000,308.6800,312.9000,4526944
GE,2026-09-17,316.7900,318.6800,313.4700,313.4700,5330008
GE,2026-09-18,313.6300,314.5300,309.6225,314.2700,10448530
GE,2026-09-21,317.5400,322.1400,313.8100,319.0100,3799557
GE,2026-09-22,322.3300,322.5000,314.3600,319.2200,3402151
GE,2026-09-23,318.4000,325.9200,317.6200,319.8000,4354717
GE,2026-09-24,317.5400,323.1700,315.4801,319.7800,3728012
GE,2026-09-25,321.9000,329.1700,319.6400,327.0900,4290467
GE,2026-09-28,321.4600,323.0004,315.2400,318.2400,4173597
GE,2026-09-29,318.8700,324.0800,316.5800,317.8900,3731848
GE,2026-09-30,317.8900,317.9080,312.2500,312.2900,4187564
GE,2026-10-01,310.1900,315.5000,309.6020,312.3900,3440623
GE,2026-10-02,316.5000,318.5000,308.1900,309.5600,4165982
GE,2026-10-05,309.1250,309.6800,305.3600,306.3400,5415164
GE,2026-10-06,306.5000,310.8500,304.0000,309.3900,3517968
GILD,2026-05-18,130.1500,131.0500,129.2200,129.6700,5182249
GILD,2026-05-19,129.5000,132.3400,128.3400,130.5000,5008997
GILD,2026-05-20,131.3600,131.9500,129.4900,130.6900,5569053
GILD,2026-05-21,130.0150,131.3400,129.4200,130.5000,4920772
GILD,2026-05-22,131.5700,134.5200,131.1200,134.3600,5973641
GILD,2026-05-26,135.2500,136.3200,133.6800,133.7300,6409619
GILD,2026-05-27,133.8300,136.1900,132.5900,133.6900,5032595
GILD,2026-05-28,133.8900,136.5100,132.7900,136.2200,5611605
GILD,2026-05-29,135.1250,137.2000,133.5450,134.4300,17510274
GILD,2026-06-01,133.9900,133.9900,130.5300,131.1000,6259248
GILD,2026-06-02,128.9900,130.5975,127.0700,127.5700,8082551
GILD,2026-06-03,127.5900,129.8600,127.5000,128.9900,6237144
GILD,2026-06-04,130.5700,131.0400,128.0100,129.1800,13729210
GILD,2026-06-05,130.0900,131.6600,128.9200,129.1600,15369357
GILD,2026-06-08,130.0700,130.8000,127.1300,128.1000,9795952
GILD,2026-06-09,128.8000,129.0000,123.2000,125.5000,8683055
GILD,2026-06-10,125.6350,125.6350,121.3900,121.4800,10154248
GILD,2026-06-11,121.7900,127.3700,121.7900,125.8700,8665609
GILD,2026-06-12,126.1300,126.5050,124.2900,125.5900,5216092
GILD,2026-06-15,125.2900,125.4000,122.7000,124.3000,6653106
GILD,2026-06-16,125.2200,128.1750,124.1400,127.2300,9381890
GILD,2026-06-17,126.6900,128.2000,124.1100,125.4500,7726714
GILD,2026-06-18,125.8450,126.3900,122.4300,123.7600,14348342
GILD,2026-06-22,124.3000,125.1700,123.0000,124.8700,8126312
GILD,2026-06-23,126.6300,126.6300,124.4400,125.0500,8462589
GILD,2026-06-24,125.5600,127.2700,124.7800,125.1600,7409629
GILD,2026-06-25,125.2700,126.9500,123.6700,123.8400,7250735
GILD,2026-06-26,125.2500,128.7025,125.0040,127.8800,19908542
GILD,2026-06-29,128.8600,128.8600,125.4900,126.3300,6897708
GILD,2026-06-30,125.8800,127.2700,124.1900,126.3400,7409570
GILD,2026-07-01,127.2750,127.6200,125.1250,125.9700,6654936
GILD,2026-07-02,126.7250,131.5800,126.4600,131.2700,8088800
GILD,2026-07-06,132.8800,132.8800,127.8800,129.6100,10729369
GILD,2026-07-07,132.6200,136.6000,132.0000,136.3600,9177296
GILD,2026-07-08,136.5800,137.7000,134.0000,135.8200,8454142
GILD,2026-07-09,135.5700,136.0600,133.2700,134.8400,5839339
GILD,2026-07-10,134.0200,134.9700,129.2650,129.8300,5935997
GILD,2026-07-13,129.6600,131.6700,127.9350,131.4000,5131594
GILD,2026-07-14,129.7000,131.2100,129.4200,130.0400,5255960
GILD,2026-07-15,130.0950,132.9500,129.4050,131.7000,4467637
GILD,2026-07-16,131.7600,136.4400,131.3100,136.3000,7926819
GILD,2026-07-17,137.6100,140.6100,134.0900,134.2800,6903235
GILD,2026-07-20,134.2800,135.5000,132.9100,133.2100,4103979
GILD,2026-07-21,130.5100,132.8650,129.1300,130.2800,8371109
GILD,2026-07-22,131.8300,132.8600,130.2300,130.3400,4757764
GILD,2026-07-23,129.2200,131.0700,127.6100,130.8600,6299287
GILD,2026-07-24,130.9300,131.6525,129.0400,129.3100,5529741
GILD,2026-07-27,131.0000,133.0588,129.4300,130.5200,4953801
GILD,2026-07-28,133.1100,136.2600,132.6300,134.3200,6947167
GILD,2026-07-29,134.4100,134.6400,132.5650,132.7300,7766370
GILD,2026-07-30,130.0200,131.3900,128.2800,131.2800,6726143
GILD,2026-07-31,130.2300,130.8850,128.7600,130.2100,6531645
GILD,2026-08-03,131.0950,131.5000,129.0400,131.1500,7523916
GILD,2026-08-04,131.1500,135.5700,129.5400,135.2500,10091364
GILD,2026-08-05,136.0000,137.8000,129.6000,131.7600,11383394
GILD,2026-08-06,133.9900,134.4800,129.0200,130.8600,9235052
GILD,2026-08-07,132.1000,134.0900,130.5900,133.2100,8202062
GILD,2026-08-10,131.6100,134.3200,131.6100,133.0600,6833770
GILD,2026-08-11,132.6800,136.8500,132.0100,135.7700,5493691
GILD,2026-08-12,133.9900,137.1200,133.2950,135.8700,5683968
GILD,2026-08-13,136.9400,138.3000,136.0300,138.1400,4897034
GILD,2026-08-14,136.8100,138.4325,135.9100,138.3600,3407825
GILD,2026-08-17,138.3600,139.4900,136.6300,138.9200,3940375
GILD,2026-08-18,140.0000,143.8900,139.5400,143.4400,5758845
GILD,2026-08-19,145.1000,148.9700,144.3000,147.6000,6738817
GILD,2026-08-20,146.6900,146.8200,143.1900,143.4400,7167579
GILD,2026-08-21,144.5200,147.9050,143.5000,146.1200,5384711
GILD,2026-08-24,145.9300,146.8350,144.5900,146.7400,6183604
GILD,2026-08-25,146.6000,148.9400,145.5800,148.7700,4630523
GILD,2026-08-26,148.0000,149.6199,147.0040,148.0900,5259811
GILD,2026-08-27,147.3000,149.1050,146.0100,148.8600,5014794
GILD,2026-08-28,149.4700,149.4700,144.8800,145.6800,3946913
GILD,2026-08-31,144.2300,147.2200,143.1750,146.3400,6594694
GILD,2026-09-01,148.5200,149.9600,146.9150,149.9200,4870766
GILD,2026-09-02,150.0000,152.5500,148.8300,149.6100,4923290
GILD,2026-09-03,150.6700,151.4800,148.4100,151.2200,4498099
GILD,2026-09-04,149.2300,151.1850,149.2300,150.9950,6181783
GILD,2026-09-08,146.9800,148.6491,145.4500,146.6400,6080502
GILD,2026-09-09,145.4600,147.6800,145.0000,145.6500,4583213
GILD,2026-09-10,145.0700,145.9066,143.6700,144.8100,6019851
GILD,2026-09-11,145.2400,145.9900,143.5000,143.7200,4202446
GILD,2026-09-14,144.2600,146.7500,143.7100,146.4100,4920293
GILD,2026-09-15,144.0020,146.3500,142.9400,146.3000,4536022
GILD,2026-09-16,146.5800,149.3000,146.1200,147.6800,5188250
GILD,2026-09-17,148.7750,151.0400,146.8901,150.8900,7843647
GILD,2026-09-18,150.5600,153.2300,149.5700,150.1100,16421966
GILD,2026-09-21,150.1100,152.0950,148.2200,150.5600,5569448
GILD,2026-09-22,150.6450,153.2807,148.6500,152.6700,5082660
GILD,2026-09-23,153.6000,154.1999,150.0600,151.3700,6191894
GILD,2026-09-24,151.1000,152.9750,149.5900,149.6900,5075249
GILD,2026-09-25,150.0500,151.0000,148.0200,150.9300,5284284
GILD,2026-09-28,149.7950,152.7400,149.4100,152.2100,5081993
GILD,2026-09-29,150.1800,152.6250,148.7850,151.2800,5322556
GILD,2026-09-30,150.8750,151.2800,148.9800,149.0500,5357405
GILD,2026-10-01,149.4400,149.4400,147.1850,147.5000,4438698
GILD,2026-10-02,147.6500,148.0000,144.0000,144.7400,5044221
GILD,2026-10-05,143.2100,145.1600,142.7900,144.6300,6138328
GILD,2026-10-06,145.1100,146.1400,142.5982,144.2300,3723588
GILD,2026-10-07,145.2750,148.6000,144.8500,146.8500,5097193
GILD,2026-10-08,146.3200,147.5900,144.6500,147.1000,4469725
GLW,2026-05-14,203.3700,210.5000,200.3500,208.2800,10948516
GLW,2026-05-15,198.1100,200.7900,191.8100,191.8100,17221470
GLW,2026-05-18,193.2400,193.6550,174.2100,178.5500,16929180
GLW,2026-05-19,173.8300,180.5000,169.8000,175.8300,11507739
GLW,2026-05-20,180.6900,184.2300,178.2300,180.6900,12957378
GLW,2026-05-21,182.0000,193.7500,179.5000,191.8900,14408249
GLW,2026-05-22,194.3500,194.9800,189.3400,194.0500,9630943
GLW,2026-05-26,198.8950,199.9300,191.2001,196.1700,9069758
GLW,2026-05-27,196.0000,196.6041,185.3000,190.8900,11071560
GLW,2026-05-28,192.1700,195.2300,182.3401,182.9700,9719333
GLW,2026-05-29,184.0800,184.0800,174.5000,181.1600,16945744
GLW,2026-06-01,176.1100,178.8400,172.4300,176.7000,10897014
GLW,2026-06-02,186.5000,201.5500,186.0000,200.4000,18152378
GLW,2026-06-03,201.0000,208.5700,195.7000,200.7600,12294750
GLW,2026-06-04,192.7600,199.8000,183.8000,197.7000,11424251
GLW,2026-06-05,189.3770,190.1100,174.3000,177.5800,15676284
GLW,2026-06-08,192.9000,192.9000,185.0000,187.5400,12013821
GLW,2026-06-09,190.4100,190.4100,166.0000,173.9400,16673393
GLW,2026-06-10,173.6600,178.4800,166.6800,168.1700,10595204
GLW,2026-06-11,169.5000,177.3100,168.2400,176.5500,9891754
GLW,2026-06-12,178.0000,180.7700,173.4101,179.2000,9305034
GLW,2026-06-15,187.4700,190.0000,185.2300,187.8800,9190831
GLW,2026-06-16,187.3900,187.9500,176.2041,177.4200,13482130
GLW,2026-06-17,179.0350,180.8200,172.7501,175.4000,11093460
GLW,2026-06-18,182.3300,196.0200,181.2000,194.9200,22778036
GLW,2026-06-22,200.4800,212.3936,196.0000,209.8300,18574339
GLW,2026-06-23,192.4500,194.8100,186.6000,194.0700,17968943
GLW,2026-06-24,194.4200,217.0900,190.9300,205.8300,19233832
GLW,2026-06-25,218.5500,230.5000,213.0200,228.0100,25707263
GLW,2026-06-26,224.4250,226.0000,207.7300,221.0500,45397450
GLW,2026-06-29,226.9000,258.8000,215.1252,255.6900,24307501
GLW,2026-06-30,252.4900,271.7800,250.5000,255.4300,22702204
GLW,2026-07-01,239.5000,240.8700,218.1101,220.6300,22393455
GLW,2026-07-02,223.8850,224.0100,193.5400,196.7900,21192219
GLW,2026-07-06,199.1050,206.9900,193.1600,194.8000,11938503
GLW,2026-07-07,187.0300,191.0000,178.4000,185.3800,13482819
GLW,2026-07-08,183.4200,188.8600,180.5400,184.0300,8371313
GLW,2026-07-09,201.7500,204.4800,192.1500,192.3800,9939216
GLW,2026-07-10,189.5400,192.7700,186.4000,190.8900,5357507
GLW,2026-07-13,185.2500,189.0700,178.6600,183.1100,7620469
GLW,2026-07-14,192.9800,193.7100,186.0469,187.6400,6966286
GLW,2026-07-15,186.6000,187.0700,167.0900,174.4100,13357947
GLW,2026-07-16,166.5800,167.4999,154.4287,158.3900,17706100
GLW,2026-07-17,150.8300,158.3800,146.9375,154.6100,14220972
GLW,2026-07-20,157.8600,160.5400,152.5900,153.1000,7826924
GLW,2026-07-21,161.3000,164.5000,156.6000,162.4100,10182848
GLW,2026-07-22,157.0000,161.4500,153.8800,154.0600,9996848
GLW,2026-07-23,152.2550,160.9800,152.2400,156.0600,8954073
GLW,2026-07-24,154.7700,157.4000,145.9300,146.6500,8965867
GLW,2026-07-27,145.7500,148.6900,136.3065,143.3600,14036482
GLW,2026-07-28,121.7500,126.1000,114.5000,126.0100,46223186
GLW,2026-07-29,126.3000,130.8700,122.6200,124.0500,25603382
GLW,2026-07-30,130.4200,136.0900,130.0000,135.2200,18987683
GLW,2026-07-31,143.7850,147.0000,138.2250,138.2500,14523382
GLW,2026-08-03,134.8900,147.9400,132.8900,146.6400,12618553
GLW,2026-08-04,155.0000,162.4899,150.8500,159.8900,19442529
GLW,2026-08-05,156.2400,162.6000,155.8485,156.7000,8877835
GLW,2026-08-06,153.2500,164.3400,150.7300,157.1800,12305937
GLW,2026-08-07,162.8900,170.4300,161.1600,165.6800,10740855
GLW,2026-08-10,167.8850,167.8900,157.6800,157.7600,7678212
GLW,2026-08-11,159.7500,161.7900,158.2200,159.1900,6070298
GLW,2026-08-12,168.8000,169.9500,164.2100,167.4400,10086901
GLW,2026-08-13,166.0000,168.2400,157.9100,158.5400,8579107
GLW,2026-08-14,161.0000,167.6900,158.2700,165.9900,8319557
GLW,2026-08-17,169.7400,176.9399,166.6800,173.2100,11381070
GLW,2026-08-18,161.6500,168.0600,157.9000,159.9000,11032346
GLW,2026-08-19,160.6300,161.1600,150.7000,152.4600,10637099
GLW,2026-08-20,152.2600,154.0600,149.2500,151.4500,10582541
GLW,2026-08-21,153.8500,155.4807,148.0500,149.8400,6179020
GLW,2026-08-24,145.8600,146.3900,141.6300,145.5500,10336814
GLW,2026-08-25,150.8100,150.8100,146.2500,147.1600,7148203
GLW,2026-08-26,147.0000,152.9300,146.9500,152.7800,6239406
GLW,2026-08-27,153.9700,157.5700,149.4250,152.8000,8200493
GLW,2026-08-28,150.9900,152.6700,148.0600,148.9800,6147214
GLW,2026-08-31,148.1700,149.0350,146.7200,148.7300,9546326
GLW,2026-09-01,144.2500,147.0850,143.2900,145.5600,10685046
GLW,2026-09-02,143.7500,147.6600,142.8200,144.1300,7863701
GLW,2026-09-03,143.0700,146.3300,139.2512,146.0000,8651860
GLW,2026-09-04,148.5400,154.5900,147.0238,154.3000,8554785
GLW,2026-09-08,159.2400,169.7300,158.8350,165.9600,13858754
GLW,2026-09-09,168.0000,171.2999,167.3600,168.4600,8519408
GLW,2026-09-10,164.3300,168.4900,162.8800,163.1200,5488090
GLW,2026-09-11,165.5000,168.8200,163.7500,166.4000,4893865
GLW,2026-09-14,150.6450,154.2500,142.7700,143.6000,17757376
GLW,2026-09-15,145.3000,147.2370,142.6000,143.5700,8023545
GLW,2026-09-16,147.2200,147.8600,142.3500,144.1600,8395832
GLW,2026-09-17,151.3500,155.7500,147.3675,147.8000,8467301
GLW,2026-09-18,152.0000,153.7697,148.6800,150.1300,14505709
GLW,2026-09-21,156.3700,159.8700,151.9200,158.9800,9263599
GLW,2026-09-22,157.2300,160.7090,155.1300,159.6900,6729116
GLW,2026-09-23,160.1600,160.5600,153.6000,154.4800,5549799
GLW,2026-09-24,150.5100,156.3575,149.6000,154.1500,5401602
GLW,2026-09-25,156.0000,157.7200,154.2000,156.7400,5638404
GLW,2026-09-28,154.2600,155.6600,149.2601,151.5900,7331085
GLW,2026-09-29,157.0550,161.3900,155.6200,158.7100,7592557
GLW,2026-09-30,158.5000,160.4700,152.6800,153.7600,6325694
GLW,2026-10-01,153.8900,160.9900,151.1500,160.4200,7893702
GLW,2026-10-02,164.0000,165.1400,159.5010,164.1900,7513356
GLW,2026-10-05,164.6800,164.8400,158.4400,159.3700,6580963
GLW,2026-10-06,161.0050,170.6300,160.5000,168.9700,8876879
GM,2026-05-14,75.8800,79.2700,75.8800,77.7500,8034977
GM,2026-05-15,76.6000,77.1600,74.8000,74.8600,8477520
GM,2026-05-18,74.8200,74.9800,73.0900,73.1000,5651726
GM,2026-05-19,72.2400,72.8800,70.4250,72.6300,6995574
GM,2026-05-20,73.3900,76.1600,73.1950,76.1400,7880230
GM,2026-05-21,75.3800,77.3700,75.0000,77.2100,6362611
GM,2026-05-22,78.0000,79.8500,77.6850,78.7900,6446196
GM,2026-05-26,79.3000,80.1700,78.6650,79.7900,5022274
GM,2026-05-27,80.6500,84.5200,80.6500,84.1200,10371323
GM,2026-05-28,83.6000,85.1900,83.3800,84.3500,7658798
GM,2026-05-29,84.8000,85.0100,81.2200,83.2400,15553448
GM,2026-06-01,83.4300,83.4400,80.4500,82.6800,7510593
GM,2026-06-02,82.8900,84.2050,81.0241,81.7300,10550763
GM,2026-06-03,80.7100,84.1200,80.3400,81.7000,9719515
GM,2026-06-04,82.0600,83.6400,81.6400,83.2200,6859282
GM,2026-06-05,81.9700,83.0999,81.4000,82.1100,7371585
GM,2026-06-08,81.6700,84.1700,81.5100,83.7700,8935329
GM,2026-06-09,84.5500,85.1000,81.6585,83.7600,8987035
GM,2026-06-10,83.5100,83.7925,79.0000,79.4000,11366157
GM,2026-06-11,80.0400,81.0900,79.0850,80.8500,6020752
GM,2026-06-12,81.7200,82.1250,80.5000,81.5000,4953969
GM,2026-06-15,82.6400,84.9550,82.6400,84.0700,7893349
GM,2026-06-16,84.6500,85.4100,82.2201,82.5100,7894204
GM,2026-06-17,82.5000,83.1750,79.1550,79.5800,11406044
GM,2026-06-18,80.6050,80.9500,78.9400,79.2900,18900850
GM,2026-06-22,80.7950,83.3150,80.0700,80.4300,10845612
GM,2026-06-23,79.1900,80.2100,78.6000,78.9500,7860765
GM,2026-06-24,79.1300,80.5690,78.9400,78.9500,9358993
GM,2026-06-25,79.1000,80.4300,78.3900,78.5300,8451125
GM,2026-06-26,78.3900,79.5000,77.8050,78.1000,12592043
GM,2026-06-29,78.2500,78.4600,77.0550,77.3400,7110997
GM,2026-06-30,77.2600,77.2600,75.9000,77.0800,7845303
GM,2026-07-01,76.9900,77.5150,75.2000,75.5200,7661967
GM,2026-07-02,76.8850,77.2000,74.2200,76.0000,6019423
GM,2026-07-06,76.5300,78.0700,76.1158,77.8500,9015736
GM,2026-07-07,77.7200,77.7200,75.6418,76.0300,7825761
GM,2026-07-08,75.2150,76.3100,74.5800,76.2400,5273778
GM,2026-07-09,76.3700,76.9000,75.4500,76.6500,4202326
GM,2026-07-10,76.8900,78.6700,76.8750,77.8500,4783541
GM,2026-07-13,78.0500,78.5000,76.4300,76.7200,3253682
GM,2026-07-14,76.7800,77.3350,75.9550,76.8700,4962878
GM,2026-07-15,77.2400,78.1600,76.7900,77.6400,6293276
GM,2026-07-16,77.5000,77.9700,76.6150,77.7200,5396825
GM,2026-07-17,77.1400,77.9400,75.9900,76.0700,5828106
GM,2026-07-20,76.9900,77.1900,75.3600,75.8000,8809152
GM,2026-07-21,76.0900,80.1000,74.8000,79.5200,11919830
GM,2026-07-22,80.5000,84.3300,80.0400,82.1300,13059546
GM,2026-07-23,81.3600,81.7440,79.0000,80.6700,9512909
GM,2026-07-24,80.5400,83.7600,80.4300,82.6400,5605737
GM,2026-07-27,85.0000,87.0800,84.0950,87.0400,9871695
GM,2026-07-28,87.6050,91.1500,87.2100,90.3000,13382334
GM,2026-07-29,90.7000,91.8500,89.1050,89.4000,7982332
GM,2026-07-30,89.7400,89.7700,86.6050,88.4000,6229097
GM,2026-07-31,88.8500,89.1100,87.0400,88.8600,6677996
GM,2026-08-03,89.5100,90.3000,87.2850,87.6800,4813403
GM,2026-08-04,87.4100,88.5900,86.0300,88.3100,5329753
GM,2026-08-05,88.4600,89.9800,88.2550,89.1600,6860244
GM,2026-08-06,89.1600,89.3000,86.5000,86.9400,5431283
GM,2026-08-07,86.8900,87.8800,86.3310,87.5800,4024042
GM,2026-08-10,87.4200,88.8100,86.3800,87.9600,3446686
GM,2026-08-11,88.1300,89.7400,87.8800,89.3500,4792114
GM,2026-08-12,89.1200,89.1200,86.7200,86.7600,4832252
GM,2026-08-13,86.8500,87.3500,86.2250,86.3900,3541852
GM,2026-08-14,86.8200,87.1800,86.1500,86.7700,3493832
GM,2026-08-17,86.2500,86.4900,84.3400,84.3700,4734811
GM,2026-08-18,84.8600,84.8600,83.5900,83.7100,3725280
GM,2026-08-19,84.4800,86.0950,84.1170,84.9600,4730330
GM,2026-08-20,84.2000,86.4400,83.7300,86.1500,4918521
GM,2026-08-21,85.7900,88.3600,85.7900,87.9300,5274053
GM,2026-08-24,87.9400,88.2700,85.7100,86.9800,4747451
GM,2026-08-25,87.0100,87.1000,85.6400,85.8100,4853477
GM,2026-08-26,85.9800,86.5600,84.9154,86.3300,5398295
GM,2026-08-27,85.8800,87.0900,85.8800,86.1800,7593936
GM,2026-08-28,87.6300,88.2700,85.6400,86.2700,7348559
GM,2026-08-31,86.2800,87.1900,86.0050,86.3200,8260227
GM,2026-09-01,86.3200,87.1900,85.2200,85.6300,5360435
GM,2026-09-02,85.6400,86.6400,83.9500,84.8700,5887896
GM,2026-09-03,85.7250,87.3800,85.1208,87.2200,5216174
GM,2026-09-04,86.4100,87.7600,85.6850,87.7600,5440717
GM,2026-09-08,87.3800,87.8500,85.3100,85.7900,6239759
GM,2026-09-09,85.2200,86.3000,83.7600,83.7600,7780490
GM,2026-09-10,83.8000,86.1800,82.8582,86.1200,6142806
GM,2026-09-11,87.2500,87.7700,85.3100,85.6200,7370109
GM,2026-09-14,85.8400,87.3900,85.4800,87.1600,5558164
GM,2026-09-15,87.0500,87.6500,84.9000,85.3700,6300089
GM,2026-09-16,85.0500,85.3500,83.4700,84.2900,6428913
GM,2026-09-17,86.1900,87.8600,86.1500,86.6200,8832813
GM,2026-09-18,86.1600,86.4868,81.3950,82.2000,21148053
GM,2026-09-21,82.3750,84.8800,82.2000,83.9500,7936516
GM,2026-09-22,84.8500,85.2000,82.9500,83.4500,6232948
GM,2026-09-23,83.0500,84.5650,82.7600,83.7700,4730304
GM,2026-09-24,83.3550,83.7000,80.0400,80.5700,7936246
GM,2026-09-25,80.9400,83.5000,80.8800,82.6300,7222753
GM,2026-09-28,81.9000,82.6900,80.4300,80.6400,8626724
GM,2026-09-29,80.7700,81.1000,79.5750,80.4700,6251186
GM,2026-09-30,80.6600,80.7700,76.9100,77.0000,9768390
GM,2026-10-01,76.5000,79.3600,76.4400,79.3100,8443487
GM,2026-10-02,79.8900,79.8900,77.9650,78.2700,9089387
GM,2026-10-05,78.9900,80.9600,78.6600,80.2300,6491462
GM,2026-10-06,81.4300,82.1500,80.6900,82.0100,5210174
GOOGL,2026-05-14,397.2800,402.9300,395.8400,401.0700,21136716
GOOGL,2026-05-15,396.3150,399.5399,393.1800,396.7800,20309702
GOOGL,2026-05-18,395.6850,408.6100,394.5300,396.9400,26837196
GOOGL,2026-05-19,396.9600,397.1500,386.1100,387.6600,39545672
GOOGL,2026-05-20,387.7000,393.8599,382.9000,388.9100,30504055
GOOGL,2026-05-21,385.7000,392.5000,383.0200,387.6600,24852843
GOOGL,2026-05-22,387.3450,388.7400,381.7716,382.9700,20442123
GOOGL,2026-05-26,384.5100,389.2599,382.6000,388.8800,27747388
GOOGL,2026-05-27,386.6650,393.8800,385.9000,388.8300,23087287
GOOGL,2026-05-28,388.0000,391.8700,385.1600,390.1300,24357455
GOOGL,2026-05-29,385.2400,385.2400,378.4600,380.3400,44415846
GOOGL,2026-06-01,376.5200,378.5600,373.5200,376.3700,28672120
GOOGL,2026-06-02,366.5900,373.5400,358.4400,361.8500,50412300
GOOGL,2026-06-03,362.0300,366.4500,358.0800,358.9900,55441583
GOOGL,2026-06-04,358.9000,373.2499,358.2100,372.1900,44055520
GOOGL,2026-06-05,366.3400,372.0800,364.1207,368.5300,37471206
GOOGL,2026-06-08,365.1800,366.2000,360.5309,363.3100,27942464
GOOGL,2026-06-09,367.0900,372.0800,357.3000,364.2600,29535072
GOOGL,2026-06-10,363.1900,368.5550,355.2000,356.3800,32357132
GOOGL,2026-06-11,355.9250,358.8000,346.3600,357.7700,35538165
GOOGL,2026-06-12,362.6200,366.5700,354.9400,359.6800,24731019
GOOGL,2026-06-15,367.9300,372.9900,366.5500,369.3500,27727493
GOOGL,2026-06-16,369.6000,376.0000,367.0600,373.2500,24876095
GOOGL,2026-06-17,369.1250,372.3300,362.0200,363.7900,24543644
GOOGL,2026-06-18,365.7500,369.4800,358.6700,368.0300,44470070
GOOGL,2026-06-22,357.9450,358.9200,341.7219,349.6800,52814764
GOOGL,2026-06-23,340.6900,349.2900,340.2000,346.1300,34007652
GOOGL,2026-06-24,349.0350,353.4760,341.9300,345.2900,44997277
GOOGL,2026-06-25,336.7300,345.5700,335.8400,343.7100,44564576
GOOGL,2026-06-26,342.5500,346.3600,330.2000,337.3900,114706326
GOOGL,2026-06-29,341.8250,354.3500,340.6700,353.6500,34213932
GOOGL,2026-06-30,353.8650,358.6200,350.4000,357.3700,35237231
GOOGL,2026-07-01,358.3700,362.9700,356.4300,361.2100,26736445
GOOGL,2026-07-02,359.4800,364.2050,353.4200,359.9100,25999346
GOOGL,2026-07-06,361.5500,367.9300,357.3805,366.4600,26915808
GOOGL,2026-07-07,369.0700,373.1600,365.5000,367.0300,24045581
GOOGL,2026-07-08,364.7600,367.8400,358.0200,361.9200,22094769
GOOGL,2026-07-09,354.3100,359.6500,351.0800,358.8900,24729093
GOOGL,2026-07-10,357.5250,357.8200,352.7500,357.1800,18146146
GOOGL,2026-07-13,356.1900,358.1300,351.7500,352.5100,15901732
GOOGL,2026-07-14,351.1950,360.1600,351.0900,359.5100,18259355
GOOGL,2026-07-15,357.9700,373.6500,357.7600,370.9200,28284564
GOOGL,2026-07-16,373.0600,375.2700,352.3001,354.4600,41158466
GOOGL,2026-07-17,346.0000,348.5200,341.3600,346.7700,29959283
GOOGL,2026-07-20,350.8800,359.6800,350.5200,351.9900,24736644
GOOGL,2026-07-21,351.3200,351.3200,347.0000,347.1500,23369833
GOOGL,2026-07-22,348.1550,349.9400,341.7300,342.0900,39334140
GOOGL,2026-07-23,321.1300,324.4900,314.9000,317.6900,69419700
GOOGL,2026-07-24,318.4200,324.1800,317.3200,319.7400,31806553
GOOGL,2026-07-27,325.0400,330.4200,324.4500,326.5600,28471593
GOOGL,2026-07-28,327.9000,335.8800,324.4400,333.7100,29511940
GOOGL,2026-07-29,334.6650,342.5000,331.6200,336.7100,27501632
GOOGL,2026-07-30,334.1950,336.5100,330.3400,333.6600,30168000
GOOGL,2026-07-31,340.8300,358.5800,340.0000,356.1300,46498023
GOOGL,2026-08-03,365.4450,376.6932,363.3500,373.5100,38669652
GOOGL,2026-08-04,368.2200,380.5200,367.5000,377.6500,35705703
GOOGL,2026-08-05,383.3400,384.4800,356.7700,362.4300,46926339
GOOGL,2026-08-06,360.7700,364.1259,356.8800,357.7500,25235895
GOOGL,2026-08-07,356.7200,358.9000,353.7800,354.3000,19859905
GOOGL,2026-08-10,355.1750,357.6100,352.7100,357.5200,18991368
GOOGL,2026-08-11,355.8900,356.8100,343.3900,343.8000,29081802
GOOGL,2026-08-12,346.3100,346.4800,340.8800,343.5400,25011987
GOOGL,2026-08-13,345.7700,347.9300,343.7600,346.3600,17866072
GOOGL,2026-08-14,346.8000,350.4500,344.5000,345.9000,17808598
GOOGL,2026-08-17,346.2650,347.2500,341.9300,344.0000,18291309
GOOGL,2026-08-18,342.4050,344.8699,340.1900,344.2000,19248828
GOOGL,2026-08-19,342.4550,346.7300,340.6600,344.7200,19733808
GOOGL,2026-08-20,343.0600,343.9000,338.5651,340.6700,18570357
GOOGL,2026-08-21,342.5750,346.2000,340.4000,344.8200,20849776
GOOGL,2026-08-24,343.6150,351.6000,342.4900,348.0600,26338229
GOOGL,2026-08-25,349.6400,350.1600,345.6000,346.9600,20649680
GOOGL,2026-08-26,346.6200,346.8800,340.1800,342.0000,20420257
GOOGL,2026-08-27,339.6700,341.6900,338.5200,340.6500,23391389
GOOGL,2026-08-28,340.7050,349.1400,340.2700,346.5900,25347206
GOOGL,2026-08-31,343.8250,344.5900,337.1560,339.3500,33493632
GOOGL,2026-09-01,336.0000,337.2000,333.0500,335.0200,23342665
GOOGL,2026-09-02,334.0600,340.0000,332.8200,337.1200,22582286
GOOGL,2026-09-03,340.5600,344.6800,340.0600,342.4800,20726904
GOOGL,2026-09-04,342.4650,343.5300,337.0900,338.4600,23189321
GOOGL,2026-09-08,335.4200,339.6800,333.2200,338.3600,22915839
GOOGL,2026-09-09,331.6500,331.8500,327.9000,330.6500,33151627
GOOGL,2026-09-10,328.2250,333.2300,327.7400,332.6000,23557551
GOOGL,2026-09-11,335.0300,342.9800,335.0300,338.5000,24708293
GOOGL,2026-09-14,343.1200,349.9100,342.1361,349.3900,35905445
GOOGL,2026-09-15,346.8000,348.0700,342.7000,344.9800,21928572
GOOGL,2026-09-16,347.0800,348.4000,340.6400,342.8700,18928864
GOOGL,2026-09-17,348.6750,349.5000,343.8857,347.3300,19238355
GOOGL,2026-09-18,357.3050,359.4400,348.4450,349.5400,47631754
GOOGL,2026-09-21,350.6400,357.6100,349.1000,354.9700,30455384
GOOGL,2026-09-22,357.6500,364.1700,350.2200,351.1600,29788597
GOOGL,2026-09-23,349.8600,350.0000,337.4500,337.8300,35576229
GOOGL,2026-09-24,336.2200,343.0900,336.0201,342.3600,23777195
GOOGL,2026-09-25,342.3500,347.0300,341.1100,343.9200,21880846
GOOGL,2026-09-28,340.7000,343.5900,339.5600,342.7500,19318322
GOOGL,2026-09-29,341.9500,342.8400,338.0200,340.9200,21066900
GOOGL,2026-09-30,344.1500,352.6000,340.9900,344.0800,37373739
GOOGL,2026-10-01,350.7850,353.2200,335.5108,338.2400,33269338
GOOGL,2026-10-02,341.3150,345.7700,341.1600,343.5000,23772148
GOOGL,2026-10-05,342.5900,348.0900,342.4000,346.4700,25630552
GOOGL,2026-10-06,347.3700,349.0900,344.6805,347.6800,18715627
HLT,2026-05-18,314.9900,322.8800,314.9800,318.1400,1194127
HLT,2026-05-19,317.5700,318.1700,312.9950,315.3900,973662
HLT,2026-05-20,317.1700,325.0900,314.5500,323.8700,1285263
HLT,2026-05-21,320.5900,323.9100,316.4900,322.7600,981674
HLT,2026-05-22,325.8500,325.8500,318.4050,321.0800,1053734
HLT,2026-05-26,322.0300,324.8400,321.7100,323.8100,1228215
HLT,2026-05-27,328.1100,337.6400,325.5300,336.7200,2365578
HLT,2026-05-28,335.2500,338.2800,333.7400,337.5500,2039914
HLT,2026-05-29,337.2600,337.8100,327.5500,327.6600,2836751
HLT,2026-06-01,323.4600,333.6800,323.2400,332.6500,1954904
HLT,2026-06-02,331.5700,333.4300,329.9900,332.8500,1331194
HLT,2026-06-03,331.2000,335.3700,330.8100,331.3700,1331609
HLT,2026-06-04,335.1600,339.7800,334.3500,338.1500,1969249
HLT,2026-06-05,338.9900,346.8500,338.9900,343.1000,1291702
HLT,2026-06-08,340.9400,344.5331,338.4000,340.6300,1313346
HLT,2026-06-09,343.6400,347.2700,339.2100,342.5700,1318002
HLT,2026-06-10,342.5600,345.3750,328.3000,338.2200,1377486
HLT,2026-06-11,341.1000,343.5800,336.0200,341.8600,1399779
HLT,2026-06-12,346.0400,349.0250,344.2600,345.9500,1344485
HLT,2026-06-15,350.0000,351.7000,345.2200,347.1100,1146117
HLT,2026-06-16,346.0000,352.0800,342.3150,350.2200,1481042
HLT,2026-06-17,348.4900,358.0000,348.1100,349.3000,1694576
HLT,2026-06-18,350.1700,356.1500,346.9700,348.8400,3007891
HLT,2026-06-22,347.0000,348.9600,341.7200,342.9300,1700357
HLT,2026-06-23,341.5500,346.8500,339.0100,343.8300,2199238
HLT,2026-06-24,343.8050,350.3700,342.6700,343.4200,2884346
HLT,2026-06-25,342.2200,348.2300,339.8800,340.5500,3175888
HLT,2026-06-26,341.2900,342.3600,331.1200,332.8600,13390037
HLT,2026-06-29,337.8500,340.6000,332.5300,332.5400,2657462
HLT,2026-06-30,332.4900,333.4300,329.6600,330.4600,1667591
HLT,2026-07-01,329.7800,335.1300,329.0300,332.1200,2092096
HLT,2026-07-02,333.8400,338.8800,331.6300,338.1200,1720296
HLT,2026-07-06,337.5400,339.4700,332.9650,339.4100,1340703
HLT,2026-07-07,340.4200,342.9800,338.0000,341.1200,1564149
HLT,2026-07-08,337.5200,338.4350,332.6600,333.1300,1382778
HLT,2026-07-09,333.0000,338.3500,330.3100,337.6500,1407119
HLT,2026-07-10,337.8100,340.2000,335.2000,335.4800,938320
HLT,2026-07-13,335.6900,338.9881,319.1100,322.4500,4051650
HLT,2026-07-14,322.8600,326.8600,319.7700,325.8600,1918553
HLT,2026-07-15,327.5300,329.6900,325.9100,328.4800,1984223
HLT,2026-07-16,329.7600,332.9700,322.0000,323.2000,4174992
HLT,2026-07-17,322.4650,323.7500,318.9700,321.3200,1999081
HLT,2026-07-20,323.5400,325.2900,321.3800,323.4300,1695347
HLT,2026-07-21,327.7800,328.0650,320.0400,323.9400,1695238
HLT,2026-07-22,324.3600,326.8050,322.4700,324.2300,1530692
HLT,2026-07-23,318.0100,321.5600,316.3500,320.1800,1613034
HLT,2026-07-24,320.5100,328.2000,320.5100,324.9700,1473636
HLT,2026-07-27,328.0300,333.7800,326.0400,330.8500,1988099
HLT,2026-07-28,320.6150,324.8000,311.6663,322.4300,3757940
HLT,2026-07-29,317.5900,325.8700,317.5900,321.7200,2667613
HLT,2026-07-30,321.0700,324.4400,316.1900,322.0200,2123878
HLT,2026-07-31,322.6300,324.9700,317.8000,320.4900,2285849
HLT,2026-08-03,320.0000,320.9900,312.5100,314.3400,2997251
HLT,2026-08-04,316.6900,318.0400,311.4300,312.0700,2249513
HLT,2026-08-05,313.2000,324.8600,312.0700,324.5600,2043266
HLT,2026-08-06,324.6600,326.5000,321.5900,321.9800,948059
HLT,2026-08-07,322.2000,322.6699,316.6600,317.6000,1447750
HLT,2026-08-10,316.7300,316.9850,310.4500,311.0000,1786740
HLT,2026-08-11,312.3700,315.7750,311.8100,314.6600,2470991
HLT,2026-08-12,321.8600,324.3950,319.3000,322.5300,2486680
HLT,2026-08-13,324.9500,325.9600,319.7400,320.8200,2304666
HLT,2026-08-14,321.8400,328.6600,319.9900,327.2100,1879354
HLT,2026-08-17,327.4500,330.0000,326.0100,326.1200,2701603
HLT,2026-08-18,326.3000,332.7200,325.0800,327.7400,1881887
HLT,2026-08-19,329.9300,335.8000,328.3400,334.7300,2696618
HLT,2026-08-20,333.0800,333.5400,327.4400,329.6100,2119500
HLT,2026-08-21,330.4200,331.9851,325.2600,326.6300,1719930
HLT,2026-08-24,327.9200,332.7950,327.5100,330.0700,995680
HLT,2026-08-25,333.9200,334.4200,328.6900,329.3100,1248228
HLT,2026-08-26,330.3400,333.0850,327.3700,332.5600,1731546
HLT,2026-08-27,330.4500,332.1500,325.3700,325.6800,1367775
HLT,2026-08-28,327.7800,327.7900,321.7150,321.8500,1220081
HLT,2026-08-31,320.0200,320.7550,314.9500,316.2800,2467344
HLT,2026-09-01,317.2600,319.0000,310.9300,311.9900,1072426
HLT,2026-09-02,313.2500,315.5900,311.4300,311.5100,1276495
HLT,2026-09-03,312.1900,316.1100,309.0700,314.3500,1731547
HLT,2026-09-04,312.5000,315.3700,310.6600,311.1800,1572402
HLT,2026-09-08,308.0300,313.0500,304.3700,304.4700,1663024
HLT,2026-09-09,301.8800,308.4850,300.0000,306.9900,1740459
HLT,2026-09-10,308.2800,310.7600,305.3950,306.2400,1460082
HLT,2026-09-11,309.4900,309.9000,305.4000,306.1900,1637159
HLT,2026-09-14,306.2000,311.3900,305.8600,310.6000,1711895
HLT,2026-09-15,310.4200,311.4500,305.8550,307.7900,1289629
HLT,2026-09-16,309.0000,309.9950,303.5350,305.6300,1844472
HLT,2026-09-17,308.6000,308.6000,302.5300,302.5400,1724342
HLT,2026-09-18,302.1900,305.7900,302.1100,305.7300,2947102
HLT,2026-09-21,306.0300,309.1600,304.1100,307.0800,2128311
HLT,2026-09-22,311.6400,314.0000,307.2000,308.4400,1766416
HLT,2026-09-23,307.2500,310.4700,305.8200,307.2200,1565547
HLT,2026-09-24,307.5700,314.0400,306.9000,312.1300,1683405
HLT,2026-09-25,313.0500,315.2803,310.3450,313.9600,1532755
HLT,2026-09-28,312.6000,321.7200,311.2400,320.2800,1912999
HLT,2026-09-29,324.5100,325.9250,318.3100,323.4400,1430622
HLT,2026-09-30,324.9700,325.6900,317.8100,318.1200,1338229
HLT,2026-10-01,317.9500,319.1500,313.6700,315.4400,1509976
HLT,2026-10-02,319.0000,321.5900,316.7650,319.3600,1124486
HLT,2026-10-05,318.8800,319.8550,316.0400,316.1200,1424047
HLT,2026-10-06,318.0600,324.6600,317.9500,322.6100,1317110
HLT,2026-10-07,321.4700,323.0200,319.8800,320.5300,867014
HLT,2026-10-08,320.0200,324.7300,318.9500,323.4150,1148633
HPE,2026-05-14,33.7000,34.6950,33.2400,34.1300,34638274
HPE,2026-05-15,33.6600,33.6600,32.7206,33.1000,16381214
HPE,2026-05-18,33.5800,33.8300,32.3200,33.0000,16653117
HPE,2026-05-19,32.4500,33.0399,31.8800,32.6200,10241045
HPE,2026-05-20,32.8200,34.0000,32.6900,33.8000,11410442
HPE,2026-05-21,33.3950,33.9900,33.1150,33.9700,11649827
HPE,2026-05-22,34.6500,37.7450,34.5000,37.5800,30722422
HPE,2026-05-26,37.9200,38.5800,37.3300,38.0600,16808247
HPE,2026-05-27,37.8100,37.9000,36.7100,37.2000,17674628
HPE,2026-05-28,37.4700,38.3550,36.5750,38.2100,23279930
HPE,2026-05-29,42.7800,44.5750,41.5200,43.0400,86121424
HPE,2026-06-01,44.1800,47.9700,43.4000,47.0000,115597824
HPE,2026-06-02,63.0600,64.2500,53.4700,56.1500,153197764
HPE,2026-06-03,54.1800,55.9900,52.6100,55.1500,56953374
HPE,2026-06-04,53.0000,54.4700,52.3200,53.6900,36790328
HPE,2026-06-05,52.9050,53.0543,48.5400,49.2000,37733377
HPE,2026-06-08,49.9500,50.8660,48.9150,49.8700,28878346
HPE,2026-06-09,49.8350,50.5000,45.7300,48.2700,28578542
HPE,2026-06-10,47.8500,47.9700,44.9100,45.4900,33229415
HPE,2026-06-11,45.0000,46.8000,44.7400,46.8000,24482824
HPE,2026-06-12,46.5100,49.7800,45.9700,48.1700,23521852
HPE,2026-06-15,49.4750,49.6000,48.1000,49.0200,30500736
HPE,2026-06-16,49.1350,50.3400,47.9800,48.3800,24311586
HPE,2026-06-17,49.5000,50.4500,47.9517,48.2000,31243798
HPE,2026-06-18,49.1750,49.6000,46.9300,47.4100,53337786
HPE,2026-06-22,48.0400,49.6300,47.7100,48.4000,23278030
HPE,2026-06-23,46.2500,49.7150,45.8304,48.9200,20640061
HPE,2026-06-24,48.2400,50.2000,47.6500,48.7500,21053299
HPE,2026-06-25,48.1000,48.1600,46.1000,46.7200,26924574
HPE,2026-06-26,45.2150,45.3700,43.1300,43.7100,36793889
HPE,2026-06-29,43.7900,44.7800,42.4300,44.4100,17151579
HPE,2026-06-30,44.0000,45.2300,43.4700,45.1100,19933188
HPE,2026-07-01,44.4300,44.5000,42.8400,43.9500,20470764
HPE,2026-07-02,43.5000,43.9350,40.7150,41.2300,18976681
HPE,2026-07-06,41.7734,43.8450,41.5000,43.1500,16433236
HPE,2026-07-07,43.4450,44.2750,42.5000,43.4700,16467599
HPE,2026-07-08,43.3100,45.2200,43.2900,44.6700,18384729
HPE,2026-07-09,45.8845,49.3201,45.6400,49.1100,26431393
HPE,2026-07-10,49.0300,51.0800,48.3500,48.5400,19441228
HPE,2026-07-13,48.1900,48.4613,46.4600,47.2400,18393410
HPE,2026-07-14,48.8600,50.0450,48.6000,49.5600,17133528
HPE,2026-07-15,50.3100,50.3100,45.4700,47.3900,19917323
HPE,2026-07-16,47.2500,47.6700,44.7400,45.1300,27344043
HPE,2026-07-17,44.4000,46.8250,43.7000,45.8200,14894117
HPE,2026-07-20,46.1200,46.2300,44.4700,44.5600,11883350
HPE,2026-07-21,45.6300,46.9850,45.5900,46.7200,13224537
HPE,2026-07-22,47.2100,49.6800,47.0000,48.1300,14833916
HPE,2026-07-23,47.4800,49.2500,47.4000,47.6400,11989106
HPE,2026-07-24,48.0000,49.2100,47.3414,47.6900,11332866
HPE,2026-07-27,48.0000,49.1400,46.3100,48.1900,13751292
HPE,2026-07-28,46.3200,46.5100,43.3000,45.5900,20961573
HPE,2026-07-29,45.2500,46.6600,44.1800,44.4400,12304816
HPE,2026-07-30,46.2900,47.2450,45.4600,47.1400,20281924
HPE,2026-07-31,49.0000,49.8900,46.8200,47.9000,17247374
HPE,2026-08-03,47.5100,50.5600,46.3000,50.2400,17026342
HPE,2026-08-04,52.6100,53.4150,50.3868,52.3900,25682670
HPE,2026-08-05,52.0000,54.6299,51.7000,53.2200,17337948
HPE,2026-08-06,51.3800,53.2200,49.1201,52.4300,17447507
HPE,2026-08-07,53.4800,53.5650,50.6500,53.2200,14041915
HPE,2026-08-10,55.4000,56.4630,54.1700,54.6800,15824139
HPE,2026-08-11,54.6000,54.9200,52.6101,54.3800,10844914
HPE,2026-08-12,55.7100,58.9000,55.0600,58.7900,22395232
HPE,2026-08-13,61.2000,63.4400,59.6800,59.8200,26124031
HPE,2026-08-14,60.4800,60.4800,58.6000,58.7100,11762685
HPE,2026-08-17,59.2400,59.2400,57.0900,57.6100,10835154
HPE,2026-08-18,55.8600,58.0900,54.8700,55.6900,19363163
HPE,2026-08-19,55.6900,55.9400,51.5900,53.1300,17719081
HPE,2026-08-20,53.3500,54.1350,52.5100,52.8900,11165523
HPE,2026-08-21,53.3000,54.1000,52.7500,53.4500,7901108
HPE,2026-08-24,53.0000,54.6200,51.3001,52.4300,10483912
HPE,2026-08-25,53.6000,54.6700,53.0000,53.4400,11205153
HPE,2026-08-26,53.4000,55.4500,53.4000,55.2300,10384330
HPE,2026-08-27,55.7500,55.7850,54.0850,54.4100,14949478
HPE,2026-08-28,53.6590,53.9633,52.0100,52.3100,13921555
HPE,2026-08-31,53.0900,53.8000,52.2100,52.2400,30314999
HPE,2026-09-01,52.4900,53.1600,50.2400,50.8700,19454943
HPE,2026-09-02,51.9900,52.4800,49.8000,51.8300,60701317
HPE,2026-09-03,47.6000,54.8800,45.7000,54.4400,72139283
HPE,2026-09-04,53.8500,54.6400,51.4902,52.0000,30210360
HPE,2026-09-08,52.2900,56.1700,51.8000,56.0300,27635527
HPE,2026-09-09,56.9400,58.9200,56.5500,58.9000,30064607
HPE,2026-09-10,57.8000,57.9202,55.1300,55.2200,19812276
HPE,2026-09-11,56.3700,62.1500,56.3350,62.0900,39047928
HPE,2026-09-14,55.6050,57.2000,55.1600,55.4100,31211281
HPE,2026-09-15,55.7450,57.7397,55.4900,55.8800,23305291
HPE,2026-09-16,55.5100,58.1400,55.0200,56.6800,24029331
HPE,2026-09-17,57.2500,62.1400,57.0100,61.0400,25822290
HPE,2026-09-18,61.7000,61.7800,59.6450,60.7600,26508526
HPE,2026-09-21,62.6500,63.8600,60.3000,61.7500,20470992
HPE,2026-09-22,61.7500,63.0000,60.4450,61.0300,16807941
HPE,2026-09-23,62.2300,63.3600,61.3001,62.3300,14984981
HPE,2026-09-24,61.0600,65.4798,60.5500,63.5200,21472925
HPE,2026-09-25,63.6500,65.6500,62.8800,62.9400,15512186
HPE,2026-09-28,62.7500,63.3800,61.0000,62.6300,15030768
HPE,2026-09-29,63.4950,63.6965,60.6800,61.4900,12343630
HPE,2026-09-30,65.7600,67.1008,63.5901,63.8900,32754424
HPE,2026-10-01,65.5300,66.1100,61.7600,64.5800,16453818
HPE,2026-10-02,66.8800,70.2900,66.0000,69.3300,29092163
HPE,2026-10-05,68.9200,69.1000,66.9500,68.3600,15822704
HPE,2026-10-06,69.7700,71.2200,68.5601,70.4800,16704564
HZO,2026-05-14,33.9600,34.6100,33.5300,34.0100,313474
HZO,2026-05-15,33.4100,33.8816,32.6500,33.0200,308177
HZO,2026-05-18,32.6800,32.8500,32.0100,32.7300,372868
HZO,2026-05-19,32.3700,32.4400,31.1950,31.5900,371975
HZO,2026-05-20,31.6200,33.6350,31.1200,33.5900,440760
HZO,2026-05-21,32.9200,34.6800,32.1300,34.2000,334544
HZO,2026-05-22,34.1000,36.2500,34.1000,34.9200,431494
HZO,2026-05-26,35.1000,35.5200,34.2700,34.6500,715746
HZO,2026-05-27,34.9500,35.8200,34.5900,34.9100,438509
HZO,2026-05-28,34.7400,35.6450,34.3300,35.1600,323744
HZO,2026-05-29,34.6400,35.0900,34.2000,34.4400,263208
HZO,2026-06-01,34.5900,35.0000,33.0600,34.7500,346990
HZO,2026-06-02,34.7500,34.9050,34.1900,34.7500,198872
HZO,2026-06-03,34.5300,34.8200,34.2650,34.6700,326335
HZO,2026-06-04,35.1500,35.4600,34.4050,34.8800,231485
HZO,2026-06-05,34.7600,34.8940,32.7500,33.0400,353661
HZO,2026-06-08,33.5700,33.9550,33.0600,33.0600,209511
HZO,2026-06-09,33.4100,34.3200,32.8100,33.6700,278539
HZO,2026-06-10,33.5400,33.9500,32.5900,32.6000,212215
HZO,2026-06-11,33.0000,33.7750,32.7200,33.6200,219346
HZO,2026-06-12,33.9400,35.0750,33.5300,34.0000,252517
HZO,2026-06-15,34.6500,35.4300,34.0650,34.2900,237300
HZO,2026-06-16,34.4200,35.1000,33.8600,34.0700,223592
HZO,2026-06-17,34.2300,35.0000,32.6100,33.1000,204839
HZO,2026-06-18,33.5300,34.9500,33.0000,34.9500,679830
HZO,2026-06-22,35.2000,35.6000,34.5400,34.8300,263049
HZO,2026-06-23,34.3500,34.9600,34.1550,34.7900,263125
HZO,2026-06-24,35.2900,37.3950,34.8400,37.0800,359642
HZO,2026-06-25,37.2500,38.1400,36.3100,37.0000,300703
HZO,2026-06-26,36.5600,37.7700,36.4600,37.7400,534800
HZO,2026-06-29,37.7900,37.7900,36.3200,36.9200,250887
HZO,2026-06-30,36.6700,36.9550,36.1300,36.6200,243176
HZO,2026-07-01,35.9400,36.8600,35.4300,35.7500,193488
HZO,2026-07-02,35.4800,35.8300,34.1700,34.4800,315074
HZO,2026-07-06,34.8600,35.3700,34.3700,35.3300,228431
HZO,2026-07-07,35.1400,35.7500,34.7200,35.5900,241952
HZO,2026-07-08,35.5500,35.6400,34.6300,35.2000,169983
HZO,2026-07-09,35.3800,35.9000,34.6300,34.7900,172402
HZO,2026-07-10,35.0000,35.0200,33.9750,34.3600,194820
HZO,2026-07-13,34.3500,35.0200,33.3700,34.2400,305625
HZO,2026-07-14,34.7500,34.8850,33.9300,34.1700,121131
HZO,2026-07-15,34.3800,35.3200,34.2050,34.7800,214310
HZO,2026-07-16,34.5200,36.1300,34.5200,35.2700,276094
HZO,2026-07-17,34.5800,35.5500,33.5700,34.5200,316796
HZO,2026-07-20,34.7000,34.8800,33.6600,33.9700,252288
HZO,2026-07-21,33.7500,34.1000,32.7300,33.2300,409520
HZO,2026-07-22,33.1700,33.6500,32.7500,32.9200,247887
HZO,2026-07-23,31.7400,33.6850,30.6150,33.5700,324194
HZO,2026-07-24,33.2300,36.6300,32.4000,36.3300,764492
HZO,2026-07-27,36.2400,36.8600,35.7200,36.2500,417896
HZO,2026-07-28,36.5100,36.6900,35.1000,35.4800,331716
HZO,2026-07-29,35.2000,36.1100,33.8100,33.9600,327730
HZO,2026-07-30,34.6200,35.1700,33.8500,35.0300,182109
HZO,2026-07-31,34.4400,35.0200,34.0400,34.4700,188741
HZO,2026-08-03,34.7600,35.3800,34.4500,35.1200,221031
HZO,2026-08-04,35.0200,36.3800,35.0200,35.9800,276785
HZO,2026-08-05,36.3900,37.1600,35.9000,36.0200,382377
HZO,2026-08-06,35.6500,35.9550,32.0900,35.1300,395817
HZO,2026-08-07,35.2500,35.8450,35.0300,35.6800,206511
HZO,2026-08-10,51.8850,52.1300,51.8700,52.1200,7672564
HZO,2026-08-11,52.0100,52.4600,52.0000,52.4600,2137493
HZO,2026-08-12,52.3800,52.3800,52.1300,52.1300,742738
HZO,2026-08-13,52.2000,52.2500,52.0000,52.0400,763078
HZO,2026-08-14,52.1000,52.1400,52.0000,52.0200,1236869
HZO,2026-08-17,52.0600,52.2500,52.0400,52.2500,778594
HZO,2026-08-18,52.1100,52.2800,52.0800,52.1800,706231
HZO,2026-08-19,52.3000,52.3000,52.1200,52.2200,720469
HZO,2026-08-20,52.1500,52.2500,52.1000,52.2500,513192
HZO,2026-08-21,52.2900,52.3400,52.1600,52.2000,428455
HZO,2026-08-24,52.2000,52.2700,52.0900,52.1300,444212
HZO,2026-08-25,52.2500,52.2500,52.1200,52.1800,304847
HZO,2026-08-26,52.1600,52.2200,52.1000,52.1100,400350
HZO,2026-08-27,52.1800,52.2000,52.1300,52.1900,330519
HZO,2026-08-28,52.1600,52.1900,52.1000,52.1800,618248
HZO,2026-08-31,52.1500,52.2100,52.1200,52.1800,769988
HZO,2026-09-01,52.1500,52.1900,52.1100,52.1200,595976
HZO,2026-09-02,52.1800,52.1800,52.0800,52.1100,1025337
HZO,2026-09-03,52.1500,52.2100,52.1000,52.1600,1119068
HZO,2026-09-04,52.1700,52.2800,52.1000,52.1600,1223240
HZO,2026-09-08,52.1900,52.2400,52.1400,52.1700,1162388
HZO,2026-09-09,52.1600,52.2800,52.1600,52.1700,788713
HZO,2026-09-10,52.1800,52.2500,52.1600,52.2000,869258
HZO,2026-09-11,52.2500,52.2650,52.2000,52.2100,757904
HZO,2026-09-14,52.2000,52.2400,52.1900,52.2100,683525
HZO,2026-09-15,52.2100,52.5000,52.2100,52.5000,970395
HZO,2026-09-16,52.4800,52.4800,52.2700,52.3400,998180
HZO,2026-09-17,52.4800,52.4800,52.2300,52.3200,576392
HZO,2026-09-18,52.3100,52.5600,52.2950,52.5600,1250502
HZO,2026-09-21,52.5000,52.5000,52.3750,52.4100,495948
HZO,2026-09-22,52.4300,52.5400,52.4100,52.4100,877004
HZO,2026-09-23,52.4100,52.4500,52.4000,52.4200,477529
HZO,2026-09-24,52.4200,52.4300,52.3650,52.4100,666450
HZO,2026-09-25,52.4400,52.4600,52.4000,52.4400,586144
HZO,2026-09-28,52.4000,52.4450,52.3700,52.3700,702955
HZO,2026-09-29,52.4000,52.4100,52.2400,52.2400,584063
HZO,2026-09-30,52.3500,52.3600,52.2800,52.3000,773622
HZO,2026-10-01,52.2900,52.3800,52.2400,52.3300,937516
HZO,2026-10-02,52.3500,52.4200,52.3400,52.3500,458526
HZO,2026-10-05,52.2700,52.4300,52.2400,52.3500,1023709
HZO,2026-10-06,52.4000,52.4400,52.3700,52.3900,764020
INSW,2026-05-14,85.4900,86.1600,83.5900,85.5100,422321
INSW,2026-05-15,83.7200,85.2800,82.6816,84.5800,584168
INSW,2026-05-18,84.3700,87.4000,83.8755,85.2800,454695
INSW,2026-05-19,85.4100,85.9100,83.1750,83.3000,553179
INSW,2026-05-20,84.8500,87.2700,84.5200,86.6700,634640
INSW,2026-05-21,86.3400,87.1500,85.0300,85.1100,456622
INSW,2026-05-22,84.2900,84.6600,82.2800,83.5200,620199
INSW,2026-05-26,82.4900,84.5000,81.7200,82.7200,582657
INSW,2026-05-27,81.7300,82.5700,79.8800,80.4200,468175
INSW,2026-05-28,79.6400,79.7790,76.5500,76.8100,717154
INSW,2026-05-29,75.2500,77.7000,75.0825,77.1900,618385
INSW,2026-06-01,77.2000,80.1500,76.6500,79.0600,507606
INSW,2026-06-02,79.1500,79.2250,76.7700,78.5300,420444
INSW,2026-06-03,77.8800,80.0000,77.5700,77.9700,411833
INSW,2026-06-04,77.5000,79.0050,77.4994,78.4900,374035
INSW,2026-06-05,78.0100,81.9600,77.9500,81.0700,482374
INSW,2026-06-08,82.2500,82.9400,80.4000,81.4200,650508
INSW,2026-06-09,81.8100,82.5699,80.6100,81.2200,450881
INSW,2026-06-10,81.7000,83.2900,81.1000,82.6100,467695
INSW,2026-06-11,84.5300,85.5000,82.2400,82.5600,469624
INSW,2026-06-12,77.0900,82.1100,75.3607,82.0100,485558
INSW,2026-06-15,81.6800,82.6000,79.9300,81.4100,568655
INSW,2026-06-16,82.2900,83.0000,80.0100,81.9700,405343
INSW,2026-06-17,81.6000,82.3050,80.6000,81.4500,392382
INSW,2026-06-18,81.5000,84.5800,79.2600,84.4900,913724
INSW,2026-06-22,84.4200,89.1200,84.3900,88.4100,830770
INSW,2026-06-23,86.9100,90.1600,86.5500,89.9800,575529
INSW,2026-06-24,89.7200,90.7500,86.7100,87.7200,651281
INSW,2026-06-25,87.7600,89.4000,81.1650,81.4900,903554
INSW,2026-06-26,79.8700,82.0900,77.4600,79.5100,1923557
INSW,2026-06-29,78.5500,80.9490,76.6800,77.8100,860787
INSW,2026-06-30,77.2500,78.2950,75.0500,76.5900,732806
INSW,2026-07-01,75.8700,78.6400,75.8700,77.7800,465102
INSW,2026-07-02,80.4400,82.9300,79.3700,82.4000,485359
INSW,2026-07-06,82.4000,86.7550,81.5200,85.2600,458256
INSW,2026-07-07,85.5000,87.1650,84.0900,85.2300,577923
INSW,2026-07-08,85.2300,88.5500,85.0700,88.2000,457536
INSW,2026-07-09,87.4600,87.6600,80.9700,82.9800,562494
INSW,2026-07-10,83.9800,88.5400,83.2800,88.4800,383505
INSW,2026-07-13,90.0000,90.1700,86.0500,86.1700,457778
INSW,2026-07-14,88.1000,90.9099,86.7100,88.1200,508808
INSW,2026-07-15,87.4900,88.8900,85.0725,88.6500,406630
INSW,2026-07-16,88.0000,90.9100,87.2900,88.2300,437847
INSW,2026-07-17,87.5550,87.5550,84.6338,86.7600,394042
INSW,2026-07-20,88.0000,90.0833,87.8800,88.4000,430973
INSW,2026-07-21,89.5200,92.0700,88.3600,90.4700,763028
INSW,2026-07-22,90.3700,90.5000,88.7300,88.9100,423101
INSW,2026-07-23,89.5000,91.5999,88.9200,91.3500,578277
INSW,2026-07-24,91.2500,93.4800,91.2500,92.2800,487745
INSW,2026-07-27,90.0000,92.0648,88.9201,90.6900,533990
INSW,2026-07-28,91.1300,94.3099,90.4300,93.6000,511631
INSW,2026-07-29,94.3100,95.6500,92.8400,94.5500,543027
INSW,2026-07-30,93.7800,95.5450,92.5100,95.2100,427505
INSW,2026-07-31,95.4100,97.0675,95.0001,96.1800,345958
INSW,2026-08-03,96.1700,98.2327,93.9100,95.2300,455415
INSW,2026-08-04,95.0500,95.0500,91.7600,92.5700,538941
INSW,2026-08-05,93.1100,93.6800,90.0100,90.7100,403070
INSW,2026-08-06,92.5100,94.9600,91.8000,93.2100,428455
INSW,2026-08-07,92.9400,95.3855,91.3600,92.4100,628709
INSW,2026-08-10,93.2500,94.5000,89.6650,90.4000,817825
INSW,2026-08-11,91.9700,91.9700,86.1300,89.0600,715612
INSW,2026-08-12,89.0000,93.0900,88.6200,92.3800,737183
INSW,2026-08-13,93.5600,96.4300,93.2200,95.1500,397133
INSW,2026-08-14,95.6300,97.6400,95.0200,97.0500,356445
INSW,2026-08-17,97.8500,99.4300,97.0500,98.3600,571862
INSW,2026-08-18,99.1700,99.6800,97.1300,98.7700,541280
INSW,2026-08-19,100.0000,100.5000,98.8500,99.7100,388650
INSW,2026-08-20,99.5000,100.0500,97.8900,99.3600,393571
INSW,2026-08-21,100.4400,102.3600,98.9600,99.5200,486597
INSW,2026-08-24,99.0100,101.1400,99.0100,99.9500,407708
INSW,2026-08-25,99.4500,100.2100,98.4650,99.0500,357993
INSW,2026-08-26,97.3400,97.3400,93.1400,93.6700,616621
INSW,2026-08-27,95.0800,100.0900,94.3000,99.2600,551656
INSW,2026-08-28,99.2800,101.2000,98.4100,98.8100,463762
INSW,2026-08-31,101.6600,101.6600,97.6400,98.6400,841613
INSW,2026-09-01,100.3600,102.1000,98.8851,99.7600,577938
INSW,2026-09-02,99.8200,101.5500,99.1200,101.1900,603584
INSW,2026-09-03,101.9800,103.0300,100.1000,102.2400,558401
INSW,2026-09-04,102.2100,105.5000,102.2100,104.5000,741540
INSW,2026-09-08,105.6900,106.7300,102.8900,103.8100,828608
INSW,2026-09-09,104.5000,105.6700,103.0000,104.6200,644722
INSW,2026-09-10,99.9400,102.2400,99.6200,102.1400,544528
INSW,2026-09-11,101.8800,105.0000,101.5600,103.6500,1029555
INSW,2026-09-14,103.6500,106.7000,102.6089,105.8400,973558
INSW,2026-09-15,105.8000,109.8000,105.2850,107.7400,1046888
INSW,2026-09-16,108.0000,111.9366,107.5900,109.3800,810424
INSW,2026-09-17,109.1300,113.1300,108.3993,110.5300,659312
INSW,2026-09-18,112.1800,113.1400,109.3100,111.1500,1799469
INSW,2026-09-21,109.0100,112.8200,107.5600,109.1000,889542
INSW,2026-09-22,104.7100,106.4999,102.2300,103.9500,1007165
INSW,2026-09-23,104.0000,104.2400,99.4500,101.9600,601774
INSW,2026-09-24,101.8400,105.9900,100.7700,104.8500,786977
INSW,2026-09-25,104.7100,107.5000,103.5000,105.6400,498407
INSW,2026-09-28,107.6500,109.3150,106.8000,108.3100,678656
INSW,2026-09-29,107.0000,110.9600,106.7700,110.2400,469916
INSW,2026-09-30,112.0500,114.7928,109.8800,110.1400,857156
INSW,2026-10-01,109.5000,114.7299,109.2001,114.6000,608418
INSW,2026-10-02,113.4000,116.1300,112.7048,115.8100,765660
INSW,2026-10-05,119.4900,120.0000,112.6300,116.6000,1087124
INSW,2026-10-06,115.0000,118.1400,113.5000,116.4600,791967
JCI,2026-05-18,142.8300,142.8300,137.1400,137.3100,4698403
JCI,2026-05-19,136.3200,137.0950,133.6050,135.4200,3263674
JCI,2026-05-20,136.4300,138.6800,135.8000,137.7500,3727673
JCI,2026-05-21,137.5600,137.5600,135.3000,135.4700,2801315
JCI,2026-05-22,136.5600,140.1900,134.3000,138.3600,3502783
JCI,2026-05-26,140.4700,141.4500,139.2400,140.2200,1962794
JCI,2026-05-27,141.1800,141.1900,137.3000,138.2000,3067234
JCI,2026-05-28,137.3600,138.0100,135.1721,136.1500,3028031
JCI,2026-05-29,135.9000,137.6800,133.9800,134.0600,5301260
JCI,2026-06-01,132.0500,135.5300,131.3200,133.9100,3278663
JCI,2026-06-02,137.4200,142.2400,136.5400,141.9900,4048625
JCI,2026-06-03,142.2100,148.3800,141.8900,146.9600,5298636
JCI,2026-06-04,145.5100,147.8800,144.1900,147.4000,4668382
JCI,2026-06-05,145.7500,146.6300,142.3000,143.6500,4685758
JCI,2026-06-08,145.0600,146.5000,143.3400,144.0500,4421325
JCI,2026-06-09,147.1000,148.6967,143.3200,147.7500,5465731
JCI,2026-06-10,148.1800,149.0999,138.6472,139.3600,5715313
JCI,2026-06-11,141.6600,144.8700,139.7300,144.0100,3552331
JCI,2026-06-12,145.8300,146.2800,143.5300,144.9600,2809404
JCI,2026-06-15,147.6700,149.2300,145.9600,146.0600,3602556
JCI,2026-06-16,146.3600,148.9999,145.1300,145.1700,3563543
JCI,2026-06-17,146.3400,148.8550,143.4400,143.6200,4803292
JCI,2026-06-18,148.7000,149.3800,144.7900,144.8200,6996860
JCI,2026-06-22,145.3100,148.7800,145.0600,148.2100,5710999
JCI,2026-06-23,143.7600,145.9500,141.0700,141.2800,5000728
JCI,2026-06-24,141.8400,144.4575,140.5250,142.8100,6238549
JCI,2026-06-25,145.8300,147.7600,144.9600,145.4900,4449777
JCI,2026-06-26,143.6000,143.6000,138.1500,138.4000,8311725
JCI,2026-06-29,138.4800,140.9400,138.1600,140.4700,5326749
JCI,2026-06-30,141.5800,148.2550,141.5800,146.1100,7556057
JCI,2026-07-01,144.2500,151.1800,142.7150,144.8000,9190558
JCI,2026-07-02,144.5800,146.2700,139.2300,140.7600,5968856
JCI,2026-07-06,142.7000,144.8800,142.0000,142.7200,3244445
JCI,2026-07-07,142.9350,142.9350,136.2200,140.6200,3972488
JCI,2026-07-08,139.1400,140.6225,138.4350,140.2300,3096629
JCI,2026-07-09,142.2500,142.8200,138.0900,140.5300,4414215
JCI,2026-07-10,140.0600,144.7190,139.8001,142.8100,2330660
JCI,2026-07-13,141.4000,144.6300,140.8700,143.9300,3384522
JCI,2026-07-14,145.6900,147.2500,143.4450,145.2400,3944612
JCI,2026-07-15,145.8400,146.5500,140.0000,142.7600,3112297
JCI,2026-07-16,140.3200,142.3700,139.2500,141.2600,3046536
JCI,2026-07-17,138.6000,142.5300,137.1301,140.4600,3398702
JCI,2026-07-20,142.8300,143.0750,138.7400,139.3700,2433326
JCI,2026-07-21,142.2000,142.9400,139.9400,141.7100,2051059
JCI,2026-07-22,140.2500,143.4250,140.2500,142.4900,1916497
JCI,2026-07-23,142.1500,145.2800,141.6100,143.2900,2815775
JCI,2026-07-24,142.4600,144.2400,141.8850,143.3700,3068534
JCI,2026-07-27,144.0500,144.5800,140.6515,143.3900,2896065
JCI,2026-07-28,141.5200,141.8150,136.6800,140.2800,5549376
JCI,2026-07-29,144.3300,147.0400,136.2400,139.4200,7138756
JCI,2026-07-30,144.0300,146.0700,141.8200,143.8800,4619372
JCI,2026-07-31,146.6300,147.8600,144.3900,146.6600,3519827
JCI,2026-08-03,146.6800,148.4050,143.7100,146.3900,3172557
JCI,2026-08-04,149.0000,154.3200,146.8000,153.6200,4569575
JCI,2026-08-05,152.2300,157.0600,152.2300,153.6500,4802764
JCI,2026-08-06,153.6500,156.0000,152.5601,154.5500,3799211
JCI,2026-08-07,154.3000,154.8500,151.4900,152.2100,2759560
JCI,2026-08-10,153.3000,153.8100,150.3300,150.7000,3546747
JCI,2026-08-11,153.1200,154.9550,151.7650,154.7600,3379550
JCI,2026-08-12,156.5100,156.8400,152.6500,152.7900,2577507
JCI,2026-08-13,152.6300,152.9900,150.0100,151.4500,2427481
JCI,2026-08-14,151.5100,153.9300,150.2400,153.6400,2245218
JCI,2026-08-17,154.1100,155.7850,152.7300,153.9200,2280285
JCI,2026-08-18,151.4000,152.2250,148.2500,149.6800,3890837
JCI,2026-08-19,149.0600,149.6400,144.6400,144.9400,4359884
JCI,2026-08-20,143.7000,146.1700,142.8400,143.1600,2980134
JCI,2026-08-21,146.0000,146.0800,143.0200,143.0500,3228279
JCI,2026-08-24,142.5400,143.5000,140.8000,142.9900,2390695
JCI,2026-08-25,144.8500,144.9900,141.2400,141.8200,2075615
JCI,2026-08-26,142.7200,145.1700,142.3400,144.3300,1922806
JCI,2026-08-27,145.3500,145.4100,141.7100,142.2100,1927937
JCI,2026-08-28,142.6600,142.6600,138.8200,139.5900,2681207
JCI,2026-08-31,138.8900,139.1500,137.9700,138.2400,3088358
JCI,2026-09-01,138.5700,139.7000,137.5950,139.2500,3161020
JCI,2026-09-02,140.0000,140.0000,137.5400,139.2500,2502123
JCI,2026-09-03,139.5200,142.7900,138.4700,142.2300,2630110
JCI,2026-09-04,142.1500,144.9700,142.1500,144.9400,3105634
JCI,2026-09-08,145.5000,146.6800,144.8300,146.3700,2804344
JCI,2026-09-09,145.2100,147.0500,144.6150,144.9200,2850903
JCI,2026-09-10,143.3100,144.5200,142.4300,142.8100,3091038
JCI,2026-09-11,144.5500,147.0500,144.2900,146.0100,5788248
JCI,2026-09-14,139.9500,140.4500,135.7850,137.7600,5007517
JCI,2026-09-15,139.1700,140.4300,137.1300,138.2900,5149514
JCI,2026-09-16,139.9100,141.7900,138.0400,140.4700,3160100
JCI,2026-09-17,143.0000,143.4600,140.8600,141.0600,2775913
JCI,2026-09-18,141.0500,143.5200,140.4850,143.2800,5434258
JCI,2026-09-21,143.9400,145.8300,142.9400,145.1800,2174112
JCI,2026-09-22,145.0000,146.9340,144.2800,146.4400,2622632
JCI,2026-09-23,146.0400,147.2300,145.3100,145.9000,2904447
JCI,2026-09-24,144.1500,146.4500,143.5700,145.3600,2924722
JCI,2026-09-25,147.0300,150.6600,146.2800,150.2000,2893431
JCI,2026-09-28,149.6800,150.9995,146.7800,148.8900,3085508
JCI,2026-09-29,150.0800,150.5150,148.7500,149.4200,2337127
JCI,2026-09-30,150.1900,151.5075,148.6200,148.6500,3170948
JCI,2026-10-01,149.9800,152.0600,148.6750,151.7700,2715801
JCI,2026-10-02,154.0000,156.9500,153.1700,156.2400,3240643
JCI,2026-10-05,155.7200,157.5300,154.2400,156.8500,2905551
JCI,2026-10-06,157.6700,160.4099,156.7300,158.7600,3790486
JCI,2026-10-07,156.7800,157.7900,154.2510,155.9300,1868548
JCI,2026-10-08,155.3200,155.7100,151.3601,153.9600,2786476
JPM,2026-05-18,298.0000,301.2600,297.2200,300.7300,7546296
JPM,2026-05-19,301.0900,301.7900,295.2600,295.7000,8066927
JPM,2026-05-20,296.7000,302.9250,293.6700,301.9800,9281374
JPM,2026-05-21,301.2300,303.9750,300.2100,303.0000,7874388
JPM,2026-05-22,304.6800,307.4500,303.8400,306.3800,5978568
JPM,2026-05-26,308.4900,309.9300,305.4400,306.7400,7731840
JPM,2026-05-27,305.0000,305.9000,295.7500,299.2800,11785439
JPM,2026-05-28,297.5700,301.0700,295.7500,296.7300,9766204
JPM,2026-05-29,296.4000,299.8800,295.1950,299.3100,13973665
JPM,2026-06-01,297.6900,299.5500,295.2700,296.5800,7929978
JPM,2026-06-02,296.5000,302.0700,295.2700,300.9600,8296234
JPM,2026-06-03,299.9200,301.9600,296.5600,300.8500,7003935
JPM,2026-06-04,305.7400,312.9100,304.4400,310.8900,10345161
JPM,2026-06-05,314.2900,315.0000,309.6000,312.3700,9118778
JPM,2026-06-08,313.2500,316.2950,310.7800,311.1100,6827027
JPM,2026-06-09,313.5100,316.4150,309.0100,312.7000,11594550
JPM,2026-06-10,312.5600,314.7500,309.0300,309.1400,7446218
JPM,2026-06-11,309.5600,314.7200,308.8800,313.4900,9116617
JPM,2026-06-12,315.9700,321.3000,315.5500,320.7200,7426164
JPM,2026-06-15,323.9200,325.9200,318.8400,319.4000,7988879
JPM,2026-06-16,324.3000,331.7500,324.0200,331.1400,11094894
JPM,2026-06-17,332.1800,337.7700,331.5000,333.4600,12246449
JPM,2026-06-18,336.9500,338.0900,324.1600,325.2200,20111030
JPM,2026-06-22,329.7000,332.7700,326.7500,331.4800,10182506
JPM,2026-06-23,329.4700,335.3700,327.2100,334.1400,7582217
JPM,2026-06-24,333.0700,334.5300,329.7700,333.4500,7907442
JPM,2026-06-25,334.9600,343.4485,334.7600,335.1200,10049358
JPM,2026-06-26,336.0000,336.4000,327.5000,329.0500,17640907
JPM,2026-06-29,328.2800,332.3900,327.2000,329.3900,7981795
JPM,2026-06-30,328.8900,330.4372,326.6800,327.3300,8080064
JPM,2026-07-01,328.3650,335.6400,325.0100,334.0700,15210192
JPM,2026-07-02,338.0200,340.0000,331.7700,334.4700,8415407
JPM,2026-07-06,335.0000,339.7150,334.1100,337.7200,8673530
JPM,2026-07-07,340.9750,341.4000,337.0900,339.2200,7115819
JPM,2026-07-08,336.5300,336.5300,330.1300,330.6200,18505243
JPM,2026-07-09,331.4600,337.0000,330.8053,335.4700,15570588
JPM,2026-07-10,337.4700,338.5859,335.7700,336.4700,6299028
JPM,2026-07-13,338.3400,338.3500,332.5001,334.5300,7120251
JPM,2026-07-14,327.0000,344.7300,325.7500,342.8900,14537914
JPM,2026-07-15,345.8450,351.2400,344.0500,346.9100,10749985
JPM,2026-07-16,349.2800,349.3400,341.1100,343.1500,12432392
JPM,2026-07-17,339.0300,346.1250,335.0500,341.1000,9250854
JPM,2026-07-20,341.8000,344.2600,337.3700,338.8700,7723269
JPM,2026-07-21,340.1150,345.7350,337.3000,345.2300,6015334
JPM,2026-07-22,345.0700,349.0700,344.2501,348.2100,8040220
JPM,2026-07-23,346.5800,349.9200,345.4200,349.9000,10913025
JPM,2026-07-24,350.6400,353.3700,347.5000,353.2100,7520829
JPM,2026-07-27,357.8900,359.0500,352.5800,356.2000,7888760
JPM,2026-07-28,357.3000,359.3000,354.1500,357.3100,6538299
JPM,2026-07-29,356.5000,357.3700,343.7800,344.7100,8272605
JPM,2026-07-30,347.5400,352.2800,345.3700,350.8500,7607701
JPM,2026-07-31,353.3000,354.4700,349.7000,351.7900,6603422
JPM,2026-08-03,353.7500,355.6200,350.8400,352.6400,6436597
JPM,2026-08-04,355.0000,363.0000,353.8730,357.5200,8477203
JPM,2026-08-05,358.9700,362.1700,358.2000,359.2400,5269490
JPM,2026-08-06,362.8100,362.8100,354.9450,356.3000,5820107
JPM,2026-08-07,355.7600,358.8543,353.3300,357.5200,4566210
JPM,2026-08-10,357.9600,359.9900,356.5000,359.7900,5327471
JPM,2026-08-11,360.0500,363.1200,358.6000,362.0400,4576473
JPM,2026-08-12,362.9700,366.0900,361.3000,365.1800,4366754
JPM,2026-08-13,366.5000,366.5000,361.5200,363.1100,5102686
JPM,2026-08-14,363.0000,365.9000,361.4500,362.8400,5058591
JPM,2026-08-17,361.9400,365.7500,360.9600,360.9600,5282595
JPM,2026-08-18,362.3400,363.5700,359.2700,363.2500,5525081
JPM,2026-08-19,363.0100,363.0500,355.6450,357.2600,6696210
JPM,2026-08-20,357.6000,357.9500,351.5500,351.5500,6799673
JPM,2026-08-21,354.0700,356.8600,350.3666,351.5800,8112130
JPM,2026-08-24,353.3000,358.2800,352.8150,356.3900,4397594
JPM,2026-08-25,357.0000,357.3700,353.0737,356.6900,4298730
JPM,2026-08-26,356.5000,358.3500,354.6001,356.5000,5802515
JPM,2026-08-27,354.6800,357.5700,352.2250,354.2200,5214828
JPM,2026-08-28,355.6700,358.7300,354.2200,357.6200,3916485
JPM,2026-08-31,355.9000,357.7700,354.7701,356.0200,7964106
JPM,2026-09-01,355.7300,359.9300,354.1200,354.9500,5079819
JPM,2026-09-02,357.5500,361.4700,353.7900,356.2200,5343789
JPM,2026-09-03,358.6750,362.8500,356.3900,362.0600,5416619
JPM,2026-09-04,361.0000,362.8600,355.2000,358.6400,4875394
JPM,2026-09-08,357.1000,358.5500,353.2300,353.5100,5633145
JPM,2026-09-09,352.0000,356.3300,348.6900,354.7100,6319796
JPM,2026-09-10,353.5100,354.2200,351.1200,353.5600,4186391
JPM,2026-09-11,358.3200,360.0500,354.7900,356.2300,5355273
JPM,2026-09-14,354.2300,355.2800,347.5450,350.1300,9612162
JPM,2026-09-15,351.0000,354.7000,343.0717,352.4900,14030793
JPM,2026-09-16,353.3800,355.6000,344.6850,348.9200,8307796
JPM,2026-09-17,352.2450,353.4900,345.2700,349.3100,6485120
JPM,2026-09-18,347.8900,349.6700,345.0100,349.6700,18312433
JPM,2026-09-21,353.6700,354.5000,350.0800,352.0400,6414673
JPM,2026-09-22,352.0000,352.1025,337.3000,340.0000,11485583
JPM,2026-09-23,337.6100,341.4400,336.9810,337.5300,7078381
JPM,2026-09-24,338.1200,339.3700,335.2800,338.5600,6941733
JPM,2026-09-25,340.7650,343.3100,338.6400,343.0600,11464092
JPM,2026-09-28,341.8300,342.0000,336.3000,336.5900,10483748
JPM,2026-09-29,337.0000,338.7500,333.3300,334.9800,7258590
JPM,2026-09-30,334.8900,336.3400,330.8300,330.8300,9121168
JPM,2026-10-01,328.7500,333.5800,325.8700,333.1800,8164431
JPM,2026-10-02,334.0000,334.8450,330.0000,332.3800,6664271
JPM,2026-10-05,333.3100,333.7500,330.5900,332.3800,5346072
JPM,2026-10-06,332.7300,333.7900,330.9300,331.2800,6289788
JPM,2026-10-07,327.2000,329.8699,325.0700,329.5800,7005558
JPM,2026-10-08,327.6700,332.3100,325.6250,331.4500,7720658
L,2026-05-18,106.5000,108.6000,106.4150,108.0100,625517
L,2026-05-19,107.7800,108.5200,106.7301,107.8600,607112
L,2026-05-20,108.0800,109.3400,107.2000,108.7800,757188
L,2026-05-21,108.4200,109.2300,107.3100,109.1800,924359
L,2026-05-22,109.1800,110.0900,108.4700,108.8700,701288
L,2026-05-26,108.6100,109.7800,108.4700,109.0900,546535
L,2026-05-27,108.7900,109.3900,106.6700,106.9800,759389
L,2026-05-28,106.0900,106.4200,104.4600,104.8200,833384
L,2026-05-29,104.4800,105.2299,103.4700,103.5500,2566643
L,2026-06-01,102.7000,104.6000,102.1700,103.8300,1137627
L,2026-06-02,103.6800,106.1200,103.3800,104.9300,1055579
L,2026-06-03,104.7700,105.7500,104.3800,104.4600,1038691
L,2026-06-04,105.6900,106.4800,104.6250,105.0200,1123318
L,2026-06-05,105.8100,108.0400,105.1700,107.5700,750992
L,2026-06-08,106.8200,107.6800,105.9500,105.9700,662911
L,2026-06-09,106.3500,107.7700,106.1500,106.9500,799077
L,2026-06-10,107.7500,109.3150,107.3950,108.0500,656524
L,2026-06-11,108.5400,108.6300,107.2800,107.3700,924943
L,2026-06-12,107.7100,108.4050,106.9200,108.1200,760311
L,2026-06-15,107.6400,108.7300,107.6400,108.2800,810572
L,2026-06-16,108.9200,109.2500,107.8800,108.6500,969068
L,2026-06-17,107.6800,108.9700,107.1300,107.6800,1022635
L,2026-06-18,107.7100,107.9500,106.5810,107.2800,1707759
L,2026-06-22,107.4900,109.1000,107.0200,108.1300,1152937
L,2026-06-23,109.1500,110.6650,108.1350,110.5800,923608
L,2026-06-24,110.9800,112.3100,110.3500,111.9200,1212811
L,2026-06-25,111.7300,113.1600,110.6850,110.9000,762729
L,2026-06-26,109.5900,113.3700,109.5900,113.2500,1184841
L,2026-06-29,113.5400,114.3900,113.0500,113.6900,814439
L,2026-06-30,113.7700,114.2900,112.9400,113.2100,755754
L,2026-07-01,113.6400,115.1000,113.5000,114.1200,770014
L,2026-07-02,114.6200,116.5800,113.5400,116.5200,644880
L,2026-07-06,116.6000,116.7000,115.7800,116.3000,606753
L,2026-07-07,117.0000,119.1000,116.5700,116.9500,1143229
L,2026-07-08,117.4300,117.4300,115.0100,115.2000,912178
L,2026-07-09,115.5400,115.6700,114.1600,115.1500,877964
L,2026-07-10,115.1900,116.0800,114.4400,114.9900,555509
L,2026-07-13,115.9400,116.7600,114.4800,116.5000,887998
L,2026-07-14,116.0100,117.1600,114.3000,114.4700,965738
L,2026-07-15,113.1400,113.6900,111.4800,112.5200,664516
L,2026-07-16,112.7900,114.3700,112.7900,113.8900,769467
L,2026-07-17,115.6200,116.9700,114.1700,114.4500,902177
L,2026-07-20,114.4200,115.2700,114.3650,114.5900,815954
L,2026-07-21,114.4300,114.8300,113.6600,114.5900,666960
L,2026-07-22,113.3100,115.0100,113.3100,114.7000,772419
L,2026-07-23,115.0700,115.6900,113.6001,115.6300,445151
L,2026-07-24,114.4600,118.2600,114.4600,117.9000,641244
L,2026-07-27,119.0200,119.0200,117.2025,118.5400,734393
L,2026-07-28,119.3600,121.0100,118.7300,119.4000,864148
L,2026-07-29,120.1800,120.1800,118.4500,118.9400,1243772
L,2026-07-30,117.6400,118.3250,115.5300,116.3700,755344
L,2026-07-31,115.6800,117.2050,115.0100,116.0100,840267
L,2026-08-03,116.1600,117.6600,115.3500,116.2500,794655
L,2026-08-04,115.5000,116.2500,114.0000,115.9800,615936
L,2026-08-05,117.0100,117.0100,114.2900,115.7400,668115
L,2026-08-06,116.8000,116.8950,114.9550,115.9800,789390
L,2026-08-07,115.2100,115.7600,114.2400,115.5300,452970
L,2026-08-10,113.2200,115.4400,113.2200,113.8000,908642
L,2026-08-11,113.4500,113.9800,112.3400,113.1500,517406
L,2026-08-12,114.3700,114.3700,111.7542,113.1300,485301
L,2026-08-13,113.8500,113.8700,112.5000,112.7200,520198
L,2026-08-14,112.4600,113.2900,112.1600,113.0300,710747
L,2026-08-17,112.6000,114.1050,112.3400,112.3800,798701
L,2026-08-18,113.6000,114.0607,112.4500,112.4500,605189
L,2026-08-19,112.7900,113.6300,111.1300,111.1900,498123
L,2026-08-20,111.9700,111.9700,110.1301,110.7000,540342
L,2026-08-21,111.4600,111.4600,109.7700,109.8300,667476
L,2026-08-24,110.1700,112.0800,110.1700,111.4500,379339
L,2026-08-25,111.6100,111.6400,110.5200,110.8100,579559
L,2026-08-26,111.1800,111.8250,110.9200,110.9600,477326
L,2026-08-27,109.9000,110.2050,108.7700,109.8200,439573
L,2026-08-28,110.3800,110.5800,109.5400,109.7200,490543
L,2026-08-31,109.5400,109.6000,108.2500,108.2900,1520508
L,2026-09-01,108.7700,109.5400,107.9250,108.7100,985224
L,2026-09-02,109.4500,110.1300,108.7900,108.9400,886833
L,2026-09-03,109.5800,110.4800,109.4800,110.0400,998306
L,2026-09-04,111.0600,111.0600,109.2050,109.3000,625134
L,2026-09-08,108.2600,108.9600,107.4100,108.2500,863125
L,2026-09-09,107.6600,108.9310,107.6600,108.6800,716348
L,2026-09-10,109.5100,109.6900,108.1400,109.0800,612683
L,2026-09-11,109.9800,110.0050,108.3900,108.7900,1001138
L,2026-09-14,109.9700,110.2750,108.4450,109.2000,746695
L,2026-09-15,109.1800,109.2500,108.0000,109.2100,1106118
L,2026-09-16,109.0000,109.1350,107.8600,108.7900,1077187
L,2026-09-17,109.0700,109.5900,107.7900,108.3600,1210265
L,2026-09-18,107.6300,108.4250,107.0300,107.7700,2547918
L,2026-09-21,109.1300,109.2800,106.7200,106.7500,1013217
L,2026-09-22,106.6500,106.6700,105.3600,105.9100,1767913
L,2026-09-23,105.4200,106.8500,104.9600,105.0400,1223520
L,2026-09-24,105.4300,106.1800,104.8100,105.0700,858065
L,2026-09-25,105.3100,105.3100,103.9150,104.8200,843556
L,2026-09-28,104.8200,105.4800,104.5850,104.9500,859524
L,2026-09-29,104.5100,105.9900,104.5100,105.9300,791097
L,2026-09-30,105.7000,105.9600,104.4200,104.4300,1063681
L,2026-10-01,104.2600,105.5000,103.8900,105.0500,1872068
L,2026-10-02,106.2700,106.2700,104.9000,106.0300,855166
L,2026-10-05,105.9800,106.3100,105.5900,105.6700,1129793
L,2026-10-06,105.8300,107.1062,104.8800,106.4600,597327
L,2026-10-07,106.2300,107.0500,105.6210,105.6700,798054
L,2026-10-08,105.7200,107.8850,105.2300,107.5900,1079877
LOCO,2026-05-18,13.4300,13.7500,13.4000,13.6900,267011
LOCO,2026-05-19,13.6900,14.1950,13.5800,13.9900,853559
LOCO,2026-05-20,14.0300,14.2250,13.8100,14.1500,323845
LOCO,2026-05-21,14.0400,14.2350,13.9100,14.1400,343697
LOCO,2026-05-22,14.1800,14.2800,14.0300,14.0700,263366
LOCO,2026-05-26,14.1100,14.2200,13.7400,13.8600,244572
LOCO,2026-05-27,13.9400,14.2500,13.8250,13.8600,251727
LOCO,2026-05-28,13.8700,13.9900,13.7300,13.9500,246414
LOCO,2026-05-29,14.6900,15.5900,14.5250,14.8700,788539
LOCO,2026-06-01,14.7200,14.9250,14.5000,14.7500,378733
LOCO,2026-06-02,14.7200,14.7550,14.2200,14.2300,467214
LOCO,2026-06-03,14.2100,14.8300,13.8550,13.8800,241743
LOCO,2026-06-04,14.0500,14.1450,13.7500,13.8400,265833
LOCO,2026-06-05,13.9500,14.1400,13.8000,13.8200,185613
LOCO,2026-06-08,13.9700,14.0950,13.8400,13.9900,236795
LOCO,2026-06-09,14.0400,14.6150,13.9800,14.4300,264238
LOCO,2026-06-10,14.5100,15.2500,14.4795,15.0600,371745
LOCO,2026-06-11,15.0900,15.7500,14.9200,15.7200,395422
LOCO,2026-06-12,15.7500,15.8700,15.6400,15.6400,251705
LOCO,2026-06-15,15.7100,15.8400,15.4700,15.5700,268997
LOCO,2026-06-16,15.6000,15.8600,15.5300,15.7200,209508
LOCO,2026-06-17,15.7300,15.9750,15.5200,15.7900,250061
LOCO,2026-06-18,15.9900,16.0500,15.7500,16.0300,567408
LOCO,2026-06-22,15.8700,16.4100,15.4100,15.4500,453178
LOCO,2026-06-23,15.4500,15.6500,15.2600,15.4800,454902
LOCO,2026-06-24,15.5100,16.2601,15.4900,16.2300,195048
LOCO,2026-06-25,16.1800,16.3100,15.9550,16.2500,203345
LOCO,2026-06-26,16.3000,16.9100,16.2200,16.8200,1022779
LOCO,2026-06-29,16.5100,16.6700,16.3400,16.5300,415114
LOCO,2026-06-30,16.6000,17.0000,16.2850,16.9600,299182
LOCO,2026-07-01,17.0000,17.4000,17.0000,17.2000,441330
LOCO,2026-07-02,17.2000,17.2750,16.6500,16.6800,231224
LOCO,2026-07-06,16.6700,16.7450,16.2600,16.3000,234416
LOCO,2026-07-07,16.3200,16.5500,16.0500,16.2300,197609
LOCO,2026-07-08,16.1500,16.4000,15.8400,16.3800,211169
LOCO,2026-07-09,16.3700,16.5400,16.2550,16.4300,162924
LOCO,2026-07-10,16.5300,16.8500,16.5300,16.6500,136145
LOCO,2026-07-13,16.6900,17.0200,16.6500,16.7400,287885
LOCO,2026-07-14,16.7800,16.9000,16.5150,16.5600,285369
LOCO,2026-07-15,16.5500,16.7300,16.3750,16.4500,180799
LOCO,2026-07-16,16.4900,16.7600,16.3900,16.5500,175294
LOCO,2026-07-17,16.5500,16.7900,16.4760,16.5900,208161
LOCO,2026-07-20,16.5900,16.6800,16.1100,16.1300,197013
LOCO,2026-07-21,16.1300,16.3150,16.0000,16.2800,178566
LOCO,2026-07-22,16.1900,16.3400,15.7306,15.8400,226423
LOCO,2026-07-23,15.6500,15.7340,15.3400,15.4400,174822
LOCO,2026-07-24,15.5700,15.9600,15.5200,15.9300,132398
LOCO,2026-07-27,15.9800,16.3500,15.9800,16.1900,140019
LOCO,2026-07-28,16.3400,16.5000,16.3000,16.3100,141722
LOCO,2026-07-29,16.3600,16.7400,16.3600,16.5300,237647
LOCO,2026-07-30,16.6100,16.8500,16.3900,16.4800,143762
LOCO,2026-07-31,16.4600,16.5300,16.2600,16.4600,172600
LOCO,2026-08-03,16.6100,16.8600,16.4800,16.5500,205517
LOCO,2026-08-04,16.6200,16.8100,16.3300,16.5200,405280
LOCO,2026-08-05,16.6900,17.0400,16.6200,16.9900,327781
LOCO,2026-08-06,16.8800,17.0900,16.3000,16.3700,383819
LOCO,2026-08-07,16.8700,17.1500,15.0100,15.1600,473564
LOCO,2026-08-10,15.1000,15.7500,15.0500,15.2000,355356
LOCO,2026-08-11,15.2900,15.4700,14.7400,14.8300,310849
LOCO,2026-08-12,14.9700,15.3800,14.8800,15.2000,305883
LOCO,2026-08-13,15.2700,15.7400,15.2200,15.4500,212754
LOCO,2026-08-14,15.4500,15.5918,15.3650,15.5400,147140
LOCO,2026-08-17,15.3200,15.5200,15.2500,15.4600,226212
LOCO,2026-08-18,15.4600,15.6800,15.2500,15.2800,263274
LOCO,2026-08-19,15.3500,15.7000,15.2300,15.3300,211068
LOCO,2026-08-20,15.2000,15.4000,15.0400,15.3700,149197
LOCO,2026-08-21,15.4400,16.1150,15.3400,16.0300,758354
LOCO,2026-08-24,15.9800,16.2700,15.7400,15.9000,232832
LOCO,2026-08-25,15.9300,16.1750,15.6400,15.6900,225845
LOCO,2026-08-26,15.7100,15.7850,15.4200,15.6200,216772
LOCO,2026-08-27,15.5300,15.5300,15.1800,15.2000,152234
LOCO,2026-08-28,15.2500,15.4450,15.2000,15.3100,162043
LOCO,2026-08-31,15.3100,15.4250,15.1700,15.2700,166814
LOCO,2026-09-01,15.2000,15.2850,14.9400,14.9900,154918
LOCO,2026-09-02,15.0000,15.4500,15.0000,15.3500,260120
LOCO,2026-09-03,15.4200,15.5400,14.9500,15.0000,180402
LOCO,2026-09-04,15.0300,15.4740,15.0000,15.3700,174098
LOCO,2026-09-08,15.2700,15.4100,15.0850,15.1700,210227
LOCO,2026-09-09,15.0300,15.1100,14.8700,15.0600,181477
LOCO,2026-09-10,15.0300,15.2550,14.9800,15.0600,205895
LOCO,2026-09-11,15.2200,15.3100,15.0850,15.1800,187738
LOCO,2026-09-14,15.2400,15.4800,15.1600,15.3000,157401
LOCO,2026-09-15,15.2100,15.2100,14.4200,14.5100,257022
LOCO,2026-09-16,14.6000,14.7850,14.4200,14.5300,266097
LOCO,2026-09-17,14.6600,14.6650,14.3000,14.3200,187819
LOCO,2026-09-18,14.2500,14.3800,14.2000,14.2200,381450
LOCO,2026-09-21,14.2300,14.3999,14.1409,14.2500,186431
LOCO,2026-09-22,14.3700,14.6400,14.3700,14.4100,202247
LOCO,2026-09-23,14.3100,14.3800,14.0700,14.2800,176679
LOCO,2026-09-24,14.2100,14.3100,14.0700,14.2100,149326
LOCO,2026-09-25,14.1900,14.2000,13.9600,14.0900,164142
LOCO,2026-09-28,14.0900,14.2850,13.9500,14.1000,169369
LOCO,2026-09-29,14.0800,14.6000,14.0000,14.4400,345183
LOCO,2026-09-30,14.4500,14.6200,14.1800,14.3500,338256
LOCO,2026-10-01,14.4400,14.4900,14.1300,14.1900,303150
LOCO,2026-10-02,14.3300,14.4450,14.2130,14.2200,251921
LOCO,2026-10-05,14.2600,14.4200,14.0631,14.4000,212885
LOCO,2026-10-06,14.4200,14.5200,14.3300,14.3900,187778
LOCO,2026-10-07,14.2700,14.7750,14.2700,14.6300,193484
LOCO,2026-10-08,14.5500,15.0000,14.5100,14.9400,181552
MAR,2026-05-18,354.6600,363.7900,352.9450,359.1800,1410118
MAR,2026-05-19,357.9600,362.5900,354.3550,358.6900,1656031
MAR,2026-05-20,359.1900,371.5100,356.5800,369.7500,1747194
MAR,2026-05-21,366.6200,371.1500,361.3962,370.5600,908573
MAR,2026-05-22,368.2100,370.9100,367.3000,369.1500,820086
MAR,2026-05-26,369.8500,374.5700,368.7600,373.8100,1105620
MAR,2026-05-27,378.5700,386.3000,378.5700,385.8600,1617944
MAR,2026-05-28,384.9000,388.3700,381.6150,385.7600,1974228
MAR,2026-05-29,385.5550,386.8800,373.2900,375.6000,2322757
MAR,2026-06-01,371.3300,378.3300,370.5750,376.9600,1396780
MAR,2026-06-02,376.7000,377.6600,373.1600,373.7600,1186759
MAR,2026-06-03,373.8300,377.1300,371.2800,376.7500,1057961
MAR,2026-06-04,383.2000,385.9800,380.6400,385.3000,1150122
MAR,2026-06-05,388.1100,396.6500,386.4520,392.5100,1975908
MAR,2026-06-08,392.5100,395.8500,388.3900,391.4200,1349130
MAR,2026-06-09,394.0000,398.9600,389.3750,393.6100,1394899
MAR,2026-06-10,393.8000,398.5150,385.1600,386.2300,1701614
MAR,2026-06-11,388.9950,397.3700,386.2000,396.8900,1496710
MAR,2026-06-12,399.3900,403.2500,396.9800,402.5400,1115785
MAR,2026-06-15,406.4300,410.9800,399.2600,400.6300,1515778
MAR,2026-06-16,391.5000,400.3650,387.5000,399.1000,1860344
MAR,2026-06-17,396.1700,404.0700,393.7200,394.6100,1672108
MAR,2026-06-18,398.6300,403.2600,394.9000,396.2000,2846697
MAR,2026-06-22,394.5600,395.0200,383.2000,384.1900,1607239
MAR,2026-06-23,384.4600,390.3600,381.4300,386.8300,2019554
MAR,2026-06-24,389.5200,392.6300,382.1700,383.5600,1414711
MAR,2026-06-25,383.5400,388.2450,377.9200,378.9100,1498834
MAR,2026-06-26,379.4800,381.2100,372.8100,377.3100,2426347
MAR,2026-06-29,378.5700,382.2700,373.8100,374.8800,1487457
MAR,2026-06-30,373.5700,374.5700,367.3800,370.5900,1910905
MAR,2026-07-01,369.9500,373.3800,365.4500,368.3200,1669533
MAR,2026-07-02,369.8800,374.0700,366.9650,372.9500,1552709
MAR,2026-07-06,373.2250,379.9000,371.6396,379.7500,1737977
MAR,2026-07-07,382.1500,383.9900,380.0000,380.7500,1494846
MAR,2026-07-08,378.1500,378.2000,369.7300,371.1600,1391592
MAR,2026-07-09,371.8000,376.0100,366.4600,372.4700,1207969
MAR,2026-07-10,372.8200,378.3200,372.7827,376.1100,1028427
MAR,2026-07-13,375.7000,378.0650,361.7300,362.8700,1592475
MAR,2026-07-14,360.7800,364.1400,359.9600,363.1900,1736816
MAR,2026-07-15,363.6100,370.6700,363.6100,369.0500,1111083
MAR,2026-07-16,370.4900,376.4400,368.3300,371.1400,1257811
MAR,2026-07-17,371.1400,372.9800,363.5150,366.2400,1845616
MAR,2026-07-20,369.8100,371.3300,364.6300,366.9300,1064707
MAR,2026-07-21,370.7850,372.2100,365.0500,367.8100,1013065
MAR,2026-07-22,367.5300,371.4000,366.7450,369.8000,915122
MAR,2026-07-23,363.6700,365.9200,360.7100,364.4700,1200348
MAR,2026-07-24,365.5800,375.7800,364.2500,374.4300,1231813
MAR,2026-07-27,378.1100,384.2000,377.5300,383.0600,1377211
MAR,2026-07-28,382.6400,384.2300,374.5450,383.5200,1805631
MAR,2026-07-29,377.2500,383.2600,375.6200,381.1200,1542696
MAR,2026-07-30,380.0000,380.6000,371.0900,375.4800,1593673
MAR,2026-07-31,377.0080,377.9250,372.6300,372.8300,1564261
MAR,2026-08-03,359.4350,365.4700,344.1300,346.8300,4419268
MAR,2026-08-04,344.7850,346.3600,340.8100,345.2000,3376608
MAR,2026-08-05,348.3100,361.8300,347.7800,361.3100,2051359
MAR,2026-08-06,362.0100,364.7400,356.0100,359.6700,1677250
MAR,2026-08-07,358.8400,359.9699,353.4600,353.9100,2278678
MAR,2026-08-10,350.1000,353.3600,344.7050,348.4400,1716765
MAR,2026-08-11,348.9700,352.2664,347.2700,349.4900,2390459
MAR,2026-08-12,351.6000,356.6000,348.8750,354.5800,1350859
MAR,2026-08-13,356.5800,357.6100,350.9766,352.5300,997100
MAR,2026-08-14,350.7200,358.1000,349.7400,356.7200,880606
MAR,2026-08-17,353.9400,357.9800,353.0000,356.5700,1313291
MAR,2026-08-18,358.3500,361.4600,355.6600,357.3300,1505518
MAR,2026-08-19,358.4000,365.1050,357.1800,359.9500,1288249
MAR,2026-08-20,356.6100,358.7450,354.5700,356.6000,1861784
MAR,2026-08-21,359.0200,361.0000,354.1900,356.3900,995008
MAR,2026-08-24,359.3700,363.3948,357.2550,360.2000,954646
MAR,2026-08-25,360.6100,362.2900,357.4300,357.7700,1436150
MAR,2026-08-26,358.0650,360.6700,355.0700,358.6700,2033857
MAR,2026-08-27,354.5900,357.9325,353.7700,353.8700,1481162
MAR,2026-08-28,358.1600,358.1600,350.8100,351.0800,1011182
MAR,2026-08-31,348.7000,350.5500,341.1400,341.7600,1422809
MAR,2026-09-01,340.5350,342.4900,333.7400,334.5500,1676249
MAR,2026-09-02,336.0400,337.9900,332.2400,333.1400,1266652
MAR,2026-09-03,333.2700,337.9550,331.1400,336.0700,1401764
MAR,2026-09-04,334.2200,339.3000,334.2200,336.5100,1175577
MAR,2026-09-08,332.0800,336.7400,328.2392,328.7900,2107672
MAR,2026-09-09,326.3300,332.2500,320.9100,331.5200,2233878
MAR,2026-09-10,330.5000,334.1200,328.5950,329.0700,1580404
MAR,2026-09-11,334.2800,336.8000,330.4500,334.6900,1502443
MAR,2026-09-14,333.2350,341.3000,332.0400,340.4600,1698100
MAR,2026-09-15,339.5100,342.3050,335.4400,337.2400,1556937
MAR,2026-09-16,337.5900,339.4207,332.7600,334.9700,1228358
MAR,2026-09-17,337.7200,338.6700,332.6800,334.0000,1000938
MAR,2026-09-18,333.8300,340.6400,332.3500,338.9200,4249828
MAR,2026-09-21,337.5100,343.1500,337.0200,342.6600,1166962
MAR,2026-09-22,346.6900,349.3400,343.1500,348.0600,1796044
MAR,2026-09-23,346.3000,354.1100,345.3701,351.6600,1654631
MAR,2026-09-24,351.2000,354.6300,349.6700,351.5100,1105808
MAR,2026-09-25,351.8500,353.2950,347.6000,352.0300,1353137
MAR,2026-09-28,351.9500,359.6300,349.6800,358.5700,1713336
MAR,2026-09-29,362.3500,364.0850,355.1700,361.6200,1466722
MAR,2026-09-30,363.6900,363.6900,355.6700,355.6700,1122365
MAR,2026-10-01,357.7900,357.7900,352.2900,354.7900,1117812
MAR,2026-10-02,359.3200,360.6000,356.3600,358.9600,1000891
MAR,2026-10-05,357.7900,358.9600,354.6927,355.8900,1369752
MAR,2026-10-06,357.5200,362.4600,356.7600,361.2800,1338049
MAR,2026-10-07,359.2250,361.7800,355.6950,356.5000,1270139
MAR,2026-10-08,355.1700,363.8300,354.6200,361.0800,996175
MCY,2026-05-14,100.2500,101.0800,98.5700,98.6300,158911
MCY,2026-05-15,98.9700,99.7200,97.7100,98.1000,188097
MCY,2026-05-18,99.6200,103.8300,99.6200,100.6300,381138
MCY,2026-05-19,99.7500,101.8700,99.6000,101.4300,183059
MCY,2026-05-20,101.9300,103.8600,101.0800,102.9300,286130
MCY,2026-05-21,102.5600,102.5600,100.7800,102.3400,183610
MCY,2026-05-22,102.3400,102.3750,100.9000,101.0300,177820
MCY,2026-05-26,100.9200,102.0800,100.6200,101.5600,146206
MCY,2026-05-27,101.2400,102.5200,99.3100,99.3400,176178
MCY,2026-05-28,98.7600,99.8400,95.5900,96.5300,252554
MCY,2026-05-29,96.1800,98.3800,95.2201,98.0300,407517
MCY,2026-06-01,98.1200,98.7100,96.3000,98.6200,372171
MCY,2026-06-02,98.1900,100.3200,97.8800,98.4400,482962
MCY,2026-06-03,97.9000,98.6200,96.6950,96.7400,221552
MCY,2026-06-04,97.6500,99.4800,97.0901,97.5500,268963
MCY,2026-06-05,98.4100,101.6899,98.3000,101.4700,256288
MCY,2026-06-08,101.2700,102.5900,99.7601,101.0400,304708
MCY,2026-06-09,102.1100,102.9698,100.5301,101.1100,195073
MCY,2026-06-10,102.2700,103.2150,101.2100,101.3800,217826
MCY,2026-06-11,101.6300,101.8900,98.2300,99.1400,204159
MCY,2026-06-12,98.9700,101.4400,98.4800,100.9300,178780
MCY,2026-06-15,100.3400,102.0900,100.0200,101.0300,167723
MCY,2026-06-16,102.0000,103.1100,101.5200,102.6100,225620
MCY,2026-06-17,101.8100,103.8100,100.8050,101.4000,245471
MCY,2026-06-18,101.8500,102.9250,99.3700,102.6700,745293
MCY,2026-06-22,102.7400,105.0000,102.5800,103.1500,353510
MCY,2026-06-23,103.9200,107.0200,103.3150,106.4800,356420
MCY,2026-06-24,107.0100,107.9500,106.0850,106.9900,285821
MCY,2026-06-25,106.8700,107.8100,103.9100,104.1200,205248
MCY,2026-06-26,105.3000,107.5400,103.8800,107.4700,888164
MCY,2026-06-29,106.5300,108.0999,105.9801,107.2000,325472
MCY,2026-06-30,107.3400,108.5500,106.6200,106.6200,236314
MCY,2026-07-01,107.5100,109.3100,106.3700,108.5400,360640
MCY,2026-07-02,109.0100,111.4600,108.2900,110.4800,306545
MCY,2026-07-06,112.0000,112.2800,110.0800,111.1200,298466
MCY,2026-07-07,112.0400,113.0600,110.7350,110.8400,342211
MCY,2026-07-08,111.3500,112.2000,110.1000,110.1200,362134
MCY,2026-07-09,110.5400,111.4700,109.1700,109.7900,319713
MCY,2026-07-10,109.7500,112.4900,109.0300,109.2600,196086
MCY,2026-07-13,110.1100,111.9550,109.1400,110.3600,177800
MCY,2026-07-14,109.9700,111.3050,107.7600,107.7800,256505
MCY,2026-07-15,105.0100,106.4300,102.2000,105.2600,426326
MCY,2026-07-16,104.8500,108.1099,104.8500,107.4900,256877
MCY,2026-07-17,107.6200,109.7500,105.7100,106.2500,287411
MCY,2026-07-20,106.6200,107.6500,106.2150,106.3000,195989
MCY,2026-07-21,106.2800,106.6400,104.7200,105.7700,221939
MCY,2026-07-22,104.8600,104.9700,101.4000,102.7400,348065
MCY,2026-07-23,102.5650,105.6500,100.7500,105.4600,280845
MCY,2026-07-24,106.0900,107.5000,105.4600,107.2800,221910
MCY,2026-07-27,106.1300,108.7300,106.1300,108.4200,188670
MCY,2026-07-28,108.7000,110.9000,108.7000,109.5100,259460
MCY,2026-07-29,109.2100,110.2900,108.2550,108.3700,366675
MCY,2026-07-30,108.7400,109.2900,105.6900,106.7300,264932
MCY,2026-07-31,105.9800,107.7319,105.4600,107.1200,232594
MCY,2026-08-03,107.5800,108.7800,106.7200,107.2600,257073
MCY,2026-08-04,106.1300,107.7500,105.2100,106.6000,472282
MCY,2026-08-05,110.9500,112.0000,107.3650,109.6100,496688
MCY,2026-08-06,109.1900,109.5100,106.2700,107.4400,427592
MCY,2026-08-07,107.4000,109.5300,106.1701,109.5000,276930
MCY,2026-08-10,108.3200,109.4800,105.8150,106.9400,273753
MCY,2026-08-11,106.5500,107.6228,104.8700,105.7600,377403
MCY,2026-08-12,105.6100,106.9900,105.4500,105.5200,182833
MCY,2026-08-13,106.7400,106.7700,104.7000,104.9200,185087
MCY,2026-08-14,104.9300,105.8900,104.5700,105.3800,149797
MCY,2026-08-17,105.1700,106.8300,104.8900,106.3800,205470
MCY,2026-08-18,107.4800,109.1150,105.9700,106.3200,337075
MCY,2026-08-19,106.9100,107.7000,104.2100,104.3100,249391
MCY,2026-08-20,103.6800,104.4400,103.1700,103.8700,301074
MCY,2026-08-21,104.3500,106.1300,104.0600,105.7000,271122
MCY,2026-08-24,105.9300,107.1500,105.7650,106.2800,183686
MCY,2026-08-25,106.8900,106.8900,103.8400,104.4800,138351
MCY,2026-08-26,104.5600,106.4000,104.5500,105.0700,202006
MCY,2026-08-27,106.0500,106.0500,99.7600,102.6400,295722
MCY,2026-08-28,103.0000,104.1950,102.2100,102.9700,207448
MCY,2026-08-31,103.4900,104.0100,101.2900,101.9600,284324
MCY,2026-09-01,102.3600,103.4200,100.6744,101.0800,266754
MCY,2026-09-02,101.7000,104.0600,101.2500,102.9100,314749
MCY,2026-09-03,103.0700,107.1999,103.0700,106.0500,357537
MCY,2026-09-04,105.1100,105.4300,104.0100,104.5300,229118
MCY,2026-09-08,103.5000,104.1700,102.0000,102.6400,305803
MCY,2026-09-09,102.0000,102.1200,100.6800,101.0600,182162
MCY,2026-09-10,101.8400,102.6700,100.6900,102.6500,418750
MCY,2026-09-11,103.7700,103.8200,101.6150,102.3400,245090
MCY,2026-09-14,103.4300,104.5000,103.2650,103.4400,261803
MCY,2026-09-15,103.2400,104.4500,101.7700,102.5100,617749
MCY,2026-09-16,102.1700,102.8700,101.1100,101.9300,216922
MCY,2026-09-17,102.6600,103.1200,100.3500,100.5400,303773
MCY,2026-09-18,99.5000,100.9400,98.3800,100.9400,672492
MCY,2026-09-21,101.0700,101.3900,100.0700,100.3400,203245
MCY,2026-09-22,100.5400,100.5400,97.1000,97.9300,254552
MCY,2026-09-23,97.5200,98.5900,96.6800,97.8400,238112
MCY,2026-09-24,97.9000,99.4050,97.8950,98.2900,307422
MCY,2026-09-25,98.7300,99.9300,97.7450,99.4100,264480
MCY,2026-09-28,99.5100,99.8500,98.5950,98.8500,345595
MCY,2026-09-29,98.3300,100.4900,98.0700,99.8700,201300
MCY,2026-09-30,99.6200,99.8350,98.2550,98.8500,538142
MCY,2026-10-01,99.0500,100.6700,99.0500,100.2700,365307
MCY,2026-10-02,101.3000,102.8199,101.0000,102.2700,285857
MCY,2026-10-05,102.0300,102.8700,101.7900,101.9100,382232
MCY,2026-10-06,102.0100,103.8050,102.0100,103.0000,370692
MNST,2026-05-18,87.4900,88.6550,86.8550,88.5400,4806285
MNST,2026-05-19,87.5300,88.0350,86.1750,86.3500,4725159
MNST,2026-05-20,86.3500,87.6300,86.0050,86.8800,4283343
MNST,2026-05-21,86.6400,86.7499,85.4730,86.3200,4306892
MNST,2026-05-22,86.2000,87.1100,85.8600,86.7900,3238982
MNST,2026-05-26,87.3900,87.9500,86.6800,87.4200,4813020
MNST,2026-05-27,88.0000,89.8500,87.9400,89.2400,5673978
MNST,2026-05-28,88.4800,89.1400,87.7000,87.9900,4739867
MNST,2026-05-29,87.9900,89.0950,87.4240,88.0800,9465769
MNST,2026-06-01,88.2500,89.8600,87.8233,89.1000,5806885
MNST,2026-06-02,89.1700,89.2650,87.2308,88.2400,7387616
MNST,2026-06-03,87.8800,89.7000,87.8365,89.0400,4801271
MNST,2026-06-04,90.0000,90.4449,88.3000,88.5400,4864685
MNST,2026-06-05,89.0000,90.3900,88.7800,89.5500,5676942
MNST,2026-06-08,89.2900,90.2200,88.3450,88.4700,5596594
MNST,2026-06-09,89.2700,90.4900,87.9100,90.1500,6712097
MNST,2026-06-10,90.8850,91.4700,90.0898,91.2100,6950166
MNST,2026-06-11,91.6200,92.4600,91.2000,92.0300,5129137
MNST,2026-06-12,92.6300,93.0800,91.6000,92.8300,4619862
MNST,2026-06-15,93.2300,93.3000,91.4500,93.2300,4762259
MNST,2026-06-16,93.7000,93.9196,92.4900,92.9500,4758405
MNST,2026-06-17,92.5500,93.2600,91.5000,91.6600,4332784
MNST,2026-06-18,92.0200,92.3500,90.9600,91.3400,12605489
MNST,2026-06-22,91.7500,93.4200,91.5000,93.0200,4873301
MNST,2026-06-23,94.8800,94.8800,92.6200,93.6900,5366143
MNST,2026-06-24,93.9600,95.7458,93.4650,94.7000,4385968
MNST,2026-06-25,94.3600,96.0600,94.2300,95.8300,5821563
MNST,2026-06-26,96.5800,97.8700,96.0500,96.3800,13420620
MNST,2026-06-29,96.4650,97.7300,96.2200,97.6400,5061889
MNST,2026-06-30,96.6700,97.7600,95.1000,96.1200,6186580
MNST,2026-07-01,97.0600,98.3050,96.6300,97.3500,4300913
MNST,2026-07-02,98.1000,98.9300,97.4700,97.6000,5686790
MNST,2026-07-06,97.5400,98.2400,96.0800,97.3700,4947304
MNST,2026-07-07,98.4100,99.1499,95.7050,96.9200,8493410
MNST,2026-07-08,97.4000,97.4000,95.1000,95.1500,5321169
MNST,2026-07-09,94.8800,96.5500,94.7300,96.5500,5756169
MNST,2026-07-10,96.0400,97.4900,95.8600,97.3900,3569100
MNST,2026-07-13,96.9200,97.7299,96.5250,97.0700,3790404
MNST,2026-07-14,97.6800,98.4000,97.0800,98.0050,4590977
MNST,2026-07-15,98.0100,99.0300,97.2900,97.5700,6208040
MNST,2026-07-16,98.0450,99.9800,97.5700,99.9400,9115789
MNST,2026-07-17,100.0200,100.3400,96.5700,97.5000,10755168
MNST,2026-07-20,97.2450,97.9700,95.3600,95.4500,5056969
MNST,2026-07-21,96.0800,96.0800,93.7800,94.4600,4238752
MNST,2026-07-22,94.6200,95.7950,94.4000,95.6700,4831797
MNST,2026-07-23,94.2650,94.5400,93.1200,93.5600,3868957
MNST,2026-07-24,93.4600,93.9900,92.9500,93.4900,5949127
MNST,2026-07-27,94.2050,95.6100,94.0000,95.3300,3774590
MNST,2026-07-28,97.4600,99.1700,97.0200,97.7400,7054787
MNST,2026-07-29,97.4500,99.2900,96.9600,97.2300,4555000
MNST,2026-07-30,96.5400,97.7300,95.8300,97.6500,6541995
MNST,2026-07-31,97.4000,97.4000,96.2800,96.3800,3882564
MNST,2026-08-03,97.3450,97.3500,92.6350,93.5500,7080567
MNST,2026-08-04,93.5200,94.3900,92.4300,94.1800,6807838
MNST,2026-08-05,94.9100,95.1700,93.8603,94.4600,4333100
MNST,2026-08-06,94.0000,95.1960,92.8100,94.1600,6829433
MNST,2026-08-07,93.7900,93.9000,89.5000,90.3600,8504844
MNST,2026-08-10,90.3300,92.8500,90.1500,91.4300,5972174
MNST,2026-08-11,46.3700,46.6150,45.1550,45.5300,9333733
MNST,2026-08-12,45.4250,46.0100,45.0500,45.9800,8544948
MNST,2026-08-13,46.4400,46.9700,46.0500,46.6800,9858901
MNST,2026-08-14,46.5100,46.9350,46.1700,46.8200,7930668
MNST,2026-08-17,46.5000,46.6300,45.3150,45.5200,9818227
MNST,2026-08-18,45.9300,47.5450,45.7800,47.3800,16318793
MNST,2026-08-19,47.2750,47.9750,47.2050,47.4300,11953360
MNST,2026-08-20,47.0650,47.9100,46.9600,47.4900,9057106
MNST,2026-08-21,47.6000,48.1200,47.2200,47.7900,12532755
MNST,2026-08-24,48.1000,49.1200,48.0900,48.9200,11669133
MNST,2026-08-25,48.8600,49.2400,48.3400,48.7300,7087734
MNST,2026-08-26,48.9400,48.9400,47.7900,47.8100,6224135
MNST,2026-08-27,46.9900,47.0700,46.4400,46.7000,7434078
MNST,2026-08-28,47.1500,47.1500,46.3750,46.8600,5280147
MNST,2026-08-31,46.5100,46.6600,45.7800,45.9200,12161690
MNST,2026-09-01,45.9700,46.1000,44.8850,44.9900,7279101
MNST,2026-09-02,45.3400,45.3700,44.0400,44.4200,10511615
MNST,2026-09-03,44.4000,44.6200,43.9700,44.0800,8944343
MNST,2026-09-04,43.7800,44.1700,43.6500,43.8200,12453551
MNST,2026-09-08,43.6437,43.7000,43.0100,43.1500,8541199
MNST,2026-09-09,42.8600,42.9693,42.1850,42.8400,11855900
MNST,2026-09-10,42.7300,43.5250,42.5200,43.0900,9468734
MNST,2026-09-11,43.4500,43.5150,42.8850,43.4000,7023242
MNST,2026-09-14,43.5120,44.4100,43.5120,44.2000,9010639
MNST,2026-09-15,44.0000,44.9400,43.8600,44.6300,9586658
MNST,2026-09-16,44.6600,45.0400,44.5300,44.5700,8020851
MNST,2026-09-17,44.7800,44.8100,44.2300,44.5100,9155555
MNST,2026-09-18,44.6550,45.0750,44.3600,44.7100,18531203
MNST,2026-09-21,44.4700,44.6100,43.8520,44.0000,10230386
MNST,2026-09-22,44.1400,44.8500,44.1350,44.2700,7998377
MNST,2026-09-23,44.1600,44.4300,43.3120,43.9100,9069958
MNST,2026-09-24,44.1250,44.1800,42.6050,42.6700,9789843
MNST,2026-09-25,42.4900,43.1650,42.1100,43.1100,8977373
MNST,2026-09-28,42.0700,42.1950,41.2200,41.8600,14859480
MNST,2026-09-29,41.4900,41.9050,41.0500,41.7400,10976719
MNST,2026-09-30,41.8750,42.3500,41.6200,41.6200,11655295
MNST,2026-10-01,41.6000,42.3600,41.4100,42.1400,10073329
MNST,2026-10-02,42.3700,42.9850,42.1100,42.9400,7745485
MNST,2026-10-05,42.8750,43.6400,42.7100,43.5100,10396459
MNST,2026-10-06,43.2450,43.4650,42.8800,43.2500,7346480
MNST,2026-10-07,43.1800,43.4600,42.5550,42.8800,8372591
MNST,2026-10-08,43.0100,44.1186,42.9000,43.6500,8569463
MO,2026-05-18,73.2400,73.7600,72.7000,73.7200,6040093
MO,2026-05-19,73.6500,74.4100,73.1014,74.0000,6179986
MO,2026-05-20,74.0000,74.3100,73.1300,73.3300,7754800
MO,2026-05-21,73.4500,74.3900,73.3000,73.7100,6477384
MO,2026-05-22,73.6900,74.1600,73.4800,73.9000,4505977
MO,2026-05-26,74.0000,74.1100,71.8042,72.3700,9220687
MO,2026-05-27,72.4800,73.0800,71.9750,72.1100,6770827
MO,2026-05-28,72.4700,72.7000,71.7500,71.9700,8657624
MO,2026-05-29,71.2000,71.4300,69.4500,69.5800,13118600
MO,2026-06-01,69.6700,70.0000,68.4300,68.6500,7182304
MO,2026-06-02,68.4900,69.4300,68.2250,69.2400,7732827
MO,2026-06-03,69.4000,71.2650,69.3101,70.3000,7735172
MO,2026-06-04,70.7100,71.2000,70.3600,70.6000,5794488
MO,2026-06-05,71.2700,73.1800,71.1500,72.1900,8059476
MO,2026-06-08,72.1400,72.6075,71.2800,71.2900,6332349
MO,2026-06-09,71.2900,72.3300,70.3400,71.5600,9620871
MO,2026-06-10,72.3400,73.4800,71.7277,73.1300,8115413
MO,2026-06-11,73.2350,73.7500,71.3575,71.4100,7405609
MO,2026-06-12,71.6900,72.0199,71.1400,71.9400,8409138
MO,2026-06-15,70.0800,70.3100,69.1900,69.5900,11461567
MO,2026-06-16,69.9400,70.8800,69.4385,70.1900,5377679
MO,2026-06-17,69.5100,69.7800,68.5300,68.9500,6897497
MO,2026-06-18,68.9800,69.3000,68.0700,69.1200,19057506
MO,2026-06-22,69.1700,70.3800,69.0100,69.5100,8813677
MO,2026-06-23,70.9300,71.7400,70.3300,71.6100,9851002
MO,2026-06-24,71.6500,72.3650,71.1300,72.0700,7456040
MO,2026-06-25,71.3900,73.5650,71.1700,73.2100,6745032
MO,2026-06-26,73.4900,73.9200,72.8500,73.7900,15697719
MO,2026-06-29,73.9000,74.1450,73.1400,74.0500,5519860
MO,2026-06-30,73.5900,73.7700,71.7200,71.9500,8241298
MO,2026-07-01,72.4900,72.5000,71.0900,71.5400,6425305
MO,2026-07-02,72.2400,73.1900,71.9500,72.7100,6374323
MO,2026-07-06,72.3500,72.5500,71.2700,71.8800,6047887
MO,2026-07-07,73.1600,74.0400,72.3800,72.9600,5260715
MO,2026-07-08,72.9200,74.0700,72.6600,72.8100,6124519
MO,2026-07-09,73.2800,73.6000,71.3200,71.5900,6518837
MO,2026-07-10,71.8400,72.1500,70.7616,71.7900,7335178
MO,2026-07-13,71.8400,73.0300,71.5875,71.8700,4857692
MO,2026-07-14,71.9300,71.9500,69.9000,70.1600,5956830
MO,2026-07-15,70.0000,71.4300,69.8724,70.5200,6854924
MO,2026-07-16,71.2500,73.0950,70.9353,73.0300,10532930
MO,2026-07-17,74.0800,75.2800,73.6000,74.2100,8608457
MO,2026-07-20,74.0500,74.8400,73.8400,74.6600,6710778
MO,2026-07-21,74.3700,74.7300,72.9200,72.9900,6219466
MO,2026-07-22,73.3400,74.2800,72.1700,72.1700,6798898
MO,2026-07-23,72.0850,72.6800,71.5600,72.0800,6940235
MO,2026-07-24,72.2900,73.5400,72.2000,72.9900,4797962
MO,2026-07-27,72.3300,73.3000,71.9200,72.8900,6468512
MO,2026-07-28,74.7400,77.0600,74.0600,74.8200,10115795
MO,2026-07-29,74.7800,75.9400,74.6100,74.9200,8965785
MO,2026-07-30,70.6950,70.6950,67.6300,67.9400,21341187
MO,2026-07-31,67.5600,69.7700,66.8300,68.3300,11159061
MO,2026-08-03,68.3800,69.0800,67.7000,68.2600,9750406
MO,2026-08-04,67.7800,68.3500,67.5200,68.0700,10678711
MO,2026-08-05,68.2500,68.5800,67.5600,68.4400,10632753
MO,2026-08-06,69.3000,69.3600,67.5000,67.7500,10528460
MO,2026-08-07,67.1500,68.5400,67.1500,68.3500,9490711
MO,2026-08-10,68.3800,68.3800,65.4100,65.5400,11817893
MO,2026-08-11,64.8800,65.3800,64.5100,65.0300,9792846
MO,2026-08-12,64.4700,65.0650,64.3400,64.3800,7570946
MO,2026-08-13,65.0000,66.0300,64.7200,65.0800,10796221
MO,2026-08-14,65.1900,66.0000,64.7200,65.7000,6250370
MO,2026-08-17,65.2800,65.7500,63.9200,63.9600,13976874
MO,2026-08-18,64.9000,65.4500,64.6150,65.1900,11187976
MO,2026-08-19,65.3100,66.4450,64.9482,66.0300,11094659
MO,2026-08-20,65.9850,67.2500,65.9850,66.9400,10277342
MO,2026-08-21,66.8100,67.1100,65.7700,66.0900,9334076
MO,2026-08-24,66.7900,68.7300,66.7000,68.4700,10124542
MO,2026-08-25,68.2050,68.5700,67.6000,68.0700,5908674
MO,2026-08-26,68.3900,69.2900,68.3300,69.1200,6316951
MO,2026-08-27,68.2000,68.4300,67.4100,67.6700,5858272
MO,2026-08-28,68.0800,68.7500,67.7000,68.6500,5864815
MO,2026-08-31,68.6400,69.1000,67.9350,68.4800,10965683
MO,2026-09-01,69.3800,70.5250,69.0650,69.5700,9827508
MO,2026-09-02,69.6000,70.1699,68.3100,69.5600,9246946
MO,2026-09-03,69.7500,70.1201,69.3000,69.4900,5308426
MO,2026-09-04,69.1500,69.8000,68.7100,68.8800,7025240
MO,2026-09-08,68.7600,69.0300,67.7248,68.1700,11115100
MO,2026-09-09,68.3200,68.3900,67.3950,67.8900,6722167
MO,2026-09-10,68.8400,69.1800,68.4300,68.7900,6520039
MO,2026-09-11,69.2000,69.6600,68.6150,68.9800,6363267
MO,2026-09-14,70.0700,71.0500,70.0100,70.6100,7822571
MO,2026-09-15,68.9400,70.5150,68.4400,69.8100,10499734
MO,2026-09-16,69.6000,70.7100,69.4000,70.1000,8013221
MO,2026-09-17,69.8400,70.0400,69.0100,69.7000,9829894
MO,2026-09-18,69.3400,69.9750,68.6200,69.5200,14345282
MO,2026-09-21,69.5000,69.5400,68.4450,68.5300,8020427
MO,2026-09-22,68.7600,69.0300,68.2200,68.6400,5334748
MO,2026-09-23,68.5800,69.5500,68.4345,68.9500,9568051
MO,2026-09-24,69.5000,70.2850,68.8350,68.8800,7382112
MO,2026-09-25,68.5000,68.8400,68.0600,68.8200,5157849
MO,2026-09-28,69.0000,69.6000,68.6818,69.1300,5973606
MO,2026-09-29,68.3500,68.9200,67.9700,68.7200,6868120
MO,2026-09-30,68.9000,69.0800,66.9050,67.3400,7573964
MO,2026-10-01,67.4800,67.5000,66.4300,66.9500,5942971
MO,2026-10-02,66.9000,67.4450,66.5900,67.3500,6615101
MO,2026-10-05,67.1350,68.0299,65.7800,67.8800,9270992
MO,2026-10-06,67.7000,68.7900,67.6000,68.5500,6827785
MO,2026-10-07,69.0800,69.6200,68.7400,69.3800,6960007
MO,2026-10-08,70.0600,71.8400,70.0300,71.4100,11646122
MPC,2026-05-14,248.0500,251.5460,247.3966,248.8200,2009720
MPC,2026-05-15,252.2300,255.4000,250.6400,255.0300,2156867
MPC,2026-05-18,252.0500,261.0400,249.4900,259.5300,2032307
MPC,2026-05-19,260.8300,263.4950,256.6476,263.0200,1770656
MPC,2026-05-20,260.0400,264.1422,254.7000,258.3700,2176944
MPC,2026-05-21,261.1500,262.0550,247.9994,248.4300,2623975
MPC,2026-05-22,249.0000,255.8300,248.0001,254.6500,1926483
MPC,2026-05-26,251.8600,258.2600,248.0200,248.0500,2404770
MPC,2026-05-27,242.6800,250.8025,241.3600,247.0500,1995632
MPC,2026-05-28,249.8900,253.7400,249.0300,251.3300,2826342
MPC,2026-05-29,250.4400,251.6050,247.4000,248.7700,2862454
MPC,2026-06-01,252.6800,260.9700,251.5000,258.6600,2426906
MPC,2026-06-02,257.0200,264.8400,256.9700,263.0600,2350370
MPC,2026-06-03,265.5800,272.4600,263.1301,267.2100,2333788
MPC,2026-06-04,263.1100,270.3400,261.4807,267.0500,2123377
MPC,2026-06-05,265.2900,269.6599,261.9000,262.0100,2160705
MPC,2026-06-08,265.6500,271.2800,262.9200,266.1700,1814678
MPC,2026-06-09,264.3500,266.4400,256.5273,258.1500,3233561
MPC,2026-06-10,258.1900,269.3499,258.1900,263.2800,2109252
MPC,2026-06-11,268.0000,269.7656,260.0600,260.8100,2072697
MPC,2026-06-12,260.9100,267.8300,259.0200,263.5800,1701545
MPC,2026-06-15,253.7500,255.9600,248.6750,250.8600,3457029
MPC,2026-06-16,247.6300,251.7550,246.7800,250.4700,2687505
MPC,2026-06-17,249.8100,250.5200,244.1400,244.6100,2381235
MPC,2026-06-18,242.8600,243.3600,238.2800,242.9100,4962727
MPC,2026-06-22,242.5100,247.8950,240.0000,247.2900,1877780
MPC,2026-06-23,245.2800,249.6700,244.4700,248.5200,1501616
MPC,2026-06-24,243.6300,248.6500,240.2227,246.5100,1684082
MPC,2026-06-25,245.0600,253.7300,244.6050,253.5600,1807156
MPC,2026-06-26,252.9800,256.7100,251.4550,254.0600,6961329
MPC,2026-06-29,256.6100,265.8300,256.3600,259.2200,2393247
MPC,2026-06-30,260.6200,262.0800,254.7900,255.6700,1907652
MPC,2026-07-01,257.4600,264.9600,255.0100,264.8700,1872056
MPC,2026-07-02,267.0000,270.4000,264.3250,266.3500,1722195
MPC,2026-07-06,266.5200,272.3500,265.3800,268.9900,1720369
MPC,2026-07-07,267.6500,269.4900,261.5650,266.3300,1838818
MPC,2026-07-08,271.6300,281.2500,270.0000,280.6800,2467740
MPC,2026-07-09,281.4300,283.6800,279.0500,283.3000,1844236
MPC,2026-07-10,286.3200,287.1470,277.5500,283.7400,1932683
MPC,2026-07-13,290.8200,299.0500,289.5400,296.8800,2146235
MPC,2026-07-14,300.0000,303.6900,296.7200,303.4000,2266011
MPC,2026-07-15,301.5300,304.3600,295.2100,299.1800,2325436
MPC,2026-07-16,301.9900,308.4150,301.0100,305.8500,1871320
MPC,2026-07-17,311.7300,313.1500,306.8100,312.6000,2139401
MPC,2026-07-20,312.9500,319.3600,312.9500,315.3100,1589626
MPC,2026-07-21,319.2600,321.0000,315.2340,319.7600,2121114
MPC,2026-07-22,326.6700,326.9200,315.6800,315.8200,2589742
MPC,2026-07-23,323.4000,323.7550,311.2000,312.2700,2298560
MPC,2026-07-24,311.7000,316.4900,308.6800,309.2400,2000765
MPC,2026-07-27,306.6800,313.7350,305.3900,312.3500,2378451
MPC,2026-07-28,313.1900,315.0000,305.9500,306.0500,1827596
MPC,2026-07-29,312.8500,315.7200,307.3900,308.7200,1605308
MPC,2026-07-30,304.9000,316.5300,304.9000,314.0800,1963978
MPC,2026-07-31,316.3100,317.4000,311.0100,316.4700,1688679
MPC,2026-08-03,311.1200,317.7199,305.8400,307.0300,2105267
MPC,2026-08-04,308.8300,315.1200,301.5700,312.6100,2507173
MPC,2026-08-05,314.5000,315.4950,297.3700,297.7500,2778931
MPC,2026-08-06,303.1700,303.3300,293.7200,299.2500,1976697
MPC,2026-08-07,295.1400,301.4900,290.3601,298.2000,2300277
MPC,2026-08-10,302.2000,320.4200,302.2000,320.3200,4058733
MPC,2026-08-11,319.0000,336.4500,318.0000,336.4200,3183067
MPC,2026-08-12,335.0450,348.3500,331.9900,348.2500,2977412
MPC,2026-08-13,345.4000,357.1950,344.0000,356.3700,2232907
MPC,2026-08-14,356.9900,360.1000,352.4800,355.4200,2188507
MPC,2026-08-17,358.5700,363.3425,355.2650,358.1800,3043639
MPC,2026-08-18,363.0600,367.2400,356.9300,366.2100,2033776
MPC,2026-08-19,365.2100,365.8650,359.0001,360.7500,2398504
MPC,2026-08-20,363.3750,367.5950,356.6900,358.2300,2895839
MPC,2026-08-21,358.8750,365.2100,357.7500,360.7200,2236553
MPC,2026-08-24,359.7800,367.5000,357.9700,362.5200,2169111
MPC,2026-08-25,358.3400,361.9700,354.6200,354.8800,2205706
MPC,2026-08-26,350.7900,365.3200,347.6700,362.2700,2089976
MPC,2026-08-27,362.7900,366.6500,356.4100,363.5400,3019978
MPC,2026-08-28,363.7400,369.1200,363.1500,368.8300,1919203
MPC,2026-08-31,374.2400,376.5590,366.6814,373.3200,3627294
MPC,2026-09-01,380.7800,383.0100,373.0000,383.0000,2379504
MPC,2026-09-02,380.3700,391.9800,380.0400,387.0000,2399410
MPC,2026-09-03,383.9500,398.5246,382.9200,387.7100,2136586
MPC,2026-09-04,386.1000,391.0000,379.1000,388.9000,1875286
MPC,2026-09-08,396.5000,399.6200,395.0550,397.7700,1845899
MPC,2026-09-09,401.5800,402.0000,393.5400,399.4400,1975042
MPC,2026-09-10,405.0100,405.1300,392.2200,392.4200,2568873
MPC,2026-09-11,394.9900,409.1100,394.2400,395.9300,2359194
MPC,2026-09-14,401.0000,409.5000,388.1581,396.4500,3572623
MPC,2026-09-15,397.6900,413.2800,396.7600,410.8400,2878051
MPC,2026-09-16,405.3100,419.3900,402.6600,413.9200,2869852
MPC,2026-09-17,408.7600,423.8300,407.0000,421.9600,2695260
MPC,2026-09-18,420.2700,428.0000,419.1500,424.8900,9859692
MPC,2026-09-21,419.0100,431.0800,399.5500,402.3800,4451101
MPC,2026-09-22,391.6800,404.7000,386.9543,389.6800,4704788
MPC,2026-09-23,393.0500,400.7200,378.8000,388.3800,4184609
MPC,2026-09-24,394.1400,401.0850,387.7350,390.9500,2091000
MPC,2026-09-25,385.0000,394.8700,380.7750,393.5200,1939352
MPC,2026-09-28,396.0000,398.3300,387.0700,389.4400,2669659
MPC,2026-09-29,382.2800,394.2300,380.0000,392.0300,1898904
MPC,2026-09-30,398.0500,404.0700,393.7000,395.4200,1649011
MPC,2026-10-01,393.2100,420.7300,392.8300,420.1500,2116828
MPC,2026-10-02,415.8800,424.6700,405.5700,422.3300,2167626
MPC,2026-10-05,422.8000,437.6700,421.0750,433.4700,2124176
MPC,2026-10-06,428.4500,435.6899,427.2000,432.3600,1570295
OHI,2026-05-18,47.4500,48.3800,47.4500,48.3200,1944184
OHI,2026-05-19,48.3600,48.9300,48.1050,48.7400,2055753
OHI,2026-05-20,48.7400,49.3250,48.5700,48.9900,1923858
OHI,2026-05-21,48.9300,48.9650,48.1650,48.2600,1569795
OHI,2026-05-22,47.9100,48.1700,47.3550,47.9000,2013889
OHI,2026-05-26,48.0000,48.5900,47.8000,48.3400,2105859
OHI,2026-05-27,48.2000,48.2900,47.5700,47.7300,2623579
OHI,2026-05-28,47.8100,47.8600,46.7800,47.0400,1881611
OHI,2026-05-29,47.1000,47.1000,46.3950,46.7600,3052869
OHI,2026-06-01,46.5300,46.8400,45.3700,45.3800,2204514
OHI,2026-06-02,45.2700,45.6700,44.7100,44.8100,2877305
OHI,2026-06-03,44.4800,45.1271,44.0350,44.0500,2128921
OHI,2026-06-04,44.6300,44.9150,43.1500,43.6700,2355519
OHI,2026-06-05,43.6500,45.1550,43.5900,44.4700,3643996
OHI,2026-06-08,44.3000,44.7300,43.3850,43.8000,4628562
OHI,2026-06-09,44.0000,45.6900,43.9500,45.6700,3288985
OHI,2026-06-10,46.0000,46.4600,45.5400,45.8600,2508378
OHI,2026-06-11,46.0100,46.3400,45.2700,45.2800,2483115
OHI,2026-06-12,45.5000,46.3744,45.3900,45.7700,1496168
OHI,2026-06-15,45.3700,45.8300,44.7650,45.2100,3449694
OHI,2026-06-16,45.2800,45.5650,44.7700,45.5000,2724659
OHI,2026-06-17,45.3400,45.4900,44.4800,44.6400,2196144
OHI,2026-06-18,44.9800,44.9800,44.1800,44.5300,4144707
OHI,2026-06-22,44.6100,45.2850,44.3000,45.1000,1931371
OHI,2026-06-23,45.3300,46.5550,45.3300,46.4100,2006169
OHI,2026-06-24,46.6000,47.7100,46.5000,47.3800,2183917
OHI,2026-06-25,47.3300,47.7500,46.9350,47.6200,2078666
OHI,2026-06-26,47.8600,48.4200,47.7400,48.0600,2981542
OHI,2026-06-29,47.8100,48.2100,47.4900,48.1100,1795279
OHI,2026-06-30,47.6500,48.4100,47.6000,47.6800,2169222
OHI,2026-07-01,47.9000,48.4000,47.7400,48.1700,2192456
OHI,2026-07-02,48.3400,49.4100,48.1600,49.4000,1667772
OHI,2026-07-06,49.4900,49.5900,48.7700,49.0200,1608377
OHI,2026-07-07,49.3000,50.1000,49.3000,49.6200,1487330
OHI,2026-07-08,49.7300,49.7400,49.2210,49.3600,1534770
OHI,2026-07-09,49.4600,49.5500,48.7900,48.8300,1234577
OHI,2026-07-10,48.9600,48.9700,47.8300,48.3000,1510934
OHI,2026-07-13,48.4300,48.9100,48.3200,48.4400,1121040
OHI,2026-07-14,48.4000,48.6800,48.1600,48.2900,1308479
OHI,2026-07-15,48.1000,48.4599,47.6800,47.9500,1847317
OHI,2026-07-16,48.5500,49.8800,48.1300,49.8700,1710702
OHI,2026-07-17,50.1500,50.7500,49.7100,50.2100,2090474
OHI,2026-07-20,50.1400,50.3700,49.3650,49.5800,1907608
OHI,2026-07-21,49.4800,50.6300,49.4200,50.6000,2551583
OHI,2026-07-22,50.8900,51.0466,50.3700,50.6100,1904035
OHI,2026-07-23,50.7600,51.3650,50.6600,50.9700,2062296
OHI,2026-07-24,51.4300,51.9200,51.3100,51.7200,1818608
OHI,2026-07-27,51.5100,51.6050,51.1700,51.4000,1606668
OHI,2026-07-28,52.0000,52.0700,51.3600,51.6400,2647432
OHI,2026-07-29,51.8400,51.9000,51.0500,51.3700,2450592
OHI,2026-07-30,52.3900,52.3900,49.7600,50.4000,2291657
OHI,2026-07-31,50.2500,50.8600,49.4850,50.6300,2429268
OHI,2026-08-03,49.9500,50.1900,48.7800,49.0100,1907291
OHI,2026-08-04,49.0100,49.0100,47.6300,48.7400,2066670
OHI,2026-08-05,48.9100,48.9700,48.2100,48.6900,1812827
OHI,2026-08-06,49.2400,49.2900,48.2600,48.6800,1672152
OHI,2026-08-07,48.5100,48.7200,48.3400,48.4600,1269467
OHI,2026-08-10,48.2600,48.2600,47.1650,47.3900,1877938
OHI,2026-08-11,47.1800,47.3500,45.5300,45.5700,2107807
OHI,2026-08-12,45.4500,46.1400,45.4350,45.8700,1917474
OHI,2026-08-13,46.2300,46.6050,45.9000,46.0100,1466097
OHI,2026-08-14,46.0300,46.7106,45.7200,46.5300,1788542
OHI,2026-08-17,46.4500,46.5800,46.0900,46.5700,1859201
OHI,2026-08-18,46.6500,47.1000,46.3350,46.4400,1604680
OHI,2026-08-19,46.5700,46.9700,46.3500,46.9200,1169078
OHI,2026-08-20,46.9700,47.3450,46.7200,46.7500,2620289
OHI,2026-08-21,46.6600,46.8600,46.1900,46.6100,2439586
OHI,2026-08-24,46.6100,47.1800,46.5200,46.5900,1216741
OHI,2026-08-25,46.6800,46.9900,46.2600,46.9500,1474809
OHI,2026-08-26,47.1200,47.2300,46.7900,46.9700,1072228
OHI,2026-08-27,46.8600,46.8600,45.9900,46.2900,996847
OHI,2026-08-28,46.4100,46.4254,45.8800,45.9900,915728
OHI,2026-08-31,45.7800,46.0428,45.2423,45.7200,1863300
OHI,2026-09-01,45.9900,46.9500,45.8938,46.7900,1792559
OHI,2026-09-02,46.9400,47.1400,46.3500,46.9900,1908183
OHI,2026-09-03,47.2900,47.3133,46.7150,47.0400,1526931
OHI,2026-09-04,46.8400,47.2800,46.3405,46.3800,1446545
OHI,2026-09-08,46.2400,47.3000,45.7580,47.0300,2266034
OHI,2026-09-09,47.0200,47.2900,46.4300,47.1900,2358378
OHI,2026-09-10,47.6600,47.8900,46.5700,46.9500,2625856
OHI,2026-09-11,47.8500,47.8500,46.7100,46.9900,3068043
OHI,2026-09-14,47.5000,48.0000,47.0900,47.3400,2142378
OHI,2026-09-15,47.4900,47.6600,46.6500,47.1300,2126818
OHI,2026-09-16,47.0300,47.5200,46.6600,46.9100,1800972
OHI,2026-09-17,46.8000,47.6100,46.8000,47.3700,1989736
OHI,2026-09-18,47.1300,47.2836,46.4012,46.6600,4759740
OHI,2026-09-21,46.5500,47.1539,46.5100,46.8300,1645502
OHI,2026-09-22,46.8700,46.8700,46.2500,46.4700,1981223
OHI,2026-09-23,46.3300,46.6600,46.0250,46.1700,1994764
OHI,2026-09-24,46.4400,46.8950,46.2400,46.3300,1812286
OHI,2026-09-25,46.2000,46.3800,45.8800,46.2800,1374186
OHI,2026-09-28,46.4100,46.8000,46.2300,46.6800,1685836
OHI,2026-09-29,46.4800,46.9000,46.3600,46.5400,1115674
OHI,2026-09-30,46.6200,46.6650,46.1850,46.3100,2115347
OHI,2026-10-01,46.1900,46.1900,45.1500,45.2300,1733287
OHI,2026-10-02,45.2500,45.9800,44.9100,45.7200,2282102
OHI,2026-10-05,46.0500,46.2400,45.2500,45.3600,3865336
OHI,2026-10-06,45.3400,45.5600,44.4600,44.7700,3135176
OHI,2026-10-07,44.8200,44.9900,43.7400,43.7500,1948090
OHI,2026-10-08,43.6800,44.3050,43.4700,44.1500,2161060
PSX,2026-05-14,172.2400,173.6000,170.6900,171.5100,2186443
PSX,2026-05-15,173.3900,176.5400,173.1200,176.2000,2066210
PSX,2026-05-18,173.4900,180.0700,171.8424,179.8000,1984138
PSX,2026-05-19,181.0100,183.6999,177.7574,182.3800,2842200
PSX,2026-05-20,182.9500,184.7150,177.3000,179.3400,2151576
PSX,2026-05-21,181.2800,181.6300,173.2300,174.0500,2718401
PSX,2026-05-22,174.3700,178.1900,173.5100,177.6900,1899285
PSX,2026-05-26,175.7000,179.9300,173.7900,173.8800,1748725
PSX,2026-05-27,171.3500,176.5500,170.0200,174.6300,2389073
PSX,2026-05-28,177.2500,179.4000,176.0300,176.7100,2235864
PSX,2026-05-29,175.9700,177.4100,174.3400,175.8800,3299111
PSX,2026-06-01,178.0000,182.6199,177.2500,180.2400,1881281
PSX,2026-06-02,179.5400,183.2000,179.2701,182.5600,1309328
PSX,2026-06-03,184.0000,187.5200,182.2100,184.6800,1846606
PSX,2026-06-04,182.3800,186.1900,181.1800,184.1400,1309822
PSX,2026-06-05,183.6300,186.0500,181.1100,183.0800,2229359
PSX,2026-06-08,185.0300,188.0000,182.1600,183.4200,1938079
PSX,2026-06-09,182.1100,182.9900,176.9610,179.0000,1682402
PSX,2026-06-10,180.8750,185.9800,179.7000,181.7200,2029321
PSX,2026-06-11,185.2800,185.7500,177.8700,178.1000,2035295
PSX,2026-06-12,177.6100,181.8700,176.7050,179.4500,2706708
PSX,2026-06-15,173.5900,174.5000,171.0200,173.2600,3029347
PSX,2026-06-16,170.6500,173.0400,170.4100,172.0000,1802858
PSX,2026-06-17,171.6500,171.9400,166.9100,167.1700,4311264
PSX,2026-06-18,165.6900,167.0000,164.1000,166.1400,5626599
PSX,2026-06-22,166.3200,169.1350,164.8100,168.4100,3796780
PSX,2026-06-23,168.5000,171.8100,166.9554,170.3400,3320204
PSX,2026-06-24,167.3800,170.2500,165.4700,168.6400,3363944
PSX,2026-06-25,166.9200,173.0300,166.8700,171.7600,2785539
PSX,2026-06-26,171.0000,173.6100,170.7500,171.6500,3027489
PSX,2026-06-29,173.9900,177.9900,173.5800,174.0500,2680616
PSX,2026-06-30,175.0750,175.6300,168.8300,169.0500,3668122
PSX,2026-07-01,169.7100,174.5900,169.6850,174.5000,2481464
PSX,2026-07-02,176.0000,179.1600,174.5900,176.4200,1957660
PSX,2026-07-06,175.4400,179.2400,175.4400,177.3300,1921339
PSX,2026-07-07,178.5700,180.8900,175.8800,178.8400,2516789
PSX,2026-07-08,182.4350,189.8730,181.6200,187.8100,3817292
PSX,2026-07-09,188.9800,190.6600,187.2200,189.8200,2599507
PSX,2026-07-10,191.8400,193.0400,186.0850,188.3600,2664498
PSX,2026-07-13,192.2400,198.5800,191.1200,198.2900,3092127
PSX,2026-07-14,200.0000,201.6550,198.4600,201.4500,2853348
PSX,2026-07-15,200.3600,200.4550,194.2000,196.1600,2471343
PSX,2026-07-16,198.3100,202.7200,197.6200,201.3200,2627834
PSX,2026-07-17,205.6200,207.1400,203.4500,206.8600,2363338
PSX,2026-07-20,206.0700,211.0450,206.0700,208.8000,2119652
PSX,2026-07-21,210.8800,212.3900,209.3800,212.2700,2241421
PSX,2026-07-22,216.0000,216.0800,210.2700,211.4100,2584333
PSX,2026-07-23,214.5800,215.3100,205.7550,206.9800,3809027
PSX,2026-07-24,206.2100,210.6350,205.3500,206.7700,1664715
PSX,2026-07-27,203.9000,208.9500,200.8000,207.8200,1935721
PSX,2026-07-28,208.4900,210.1100,205.1800,205.8500,2093098
PSX,2026-07-29,210.0000,211.6560,206.0000,206.8100,2271113
PSX,2026-07-30,205.0000,211.6800,203.9100,210.6000,1982902
PSX,2026-07-31,213.5000,213.9900,208.8600,211.6800,2913538
PSX,2026-08-03,209.1500,211.5900,205.0600,206.1900,1992177
PSX,2026-08-04,202.4300,206.8400,200.6000,205.8900,3489944
PSX,2026-08-05,209.8200,211.4300,200.3100,202.5500,3834182
PSX,2026-08-06,208.9700,210.2800,201.2500,205.5200,2547880
PSX,2026-08-07,202.4400,206.0400,200.5000,203.9100,2909278
PSX,2026-08-10,207.9100,215.8500,206.9700,215.5200,3081314
PSX,2026-08-11,215.0000,224.6800,214.2050,224.3600,2913851
PSX,2026-08-12,221.2300,226.6000,221.2300,225.5800,2575605
PSX,2026-08-13,223.9700,232.8900,223.4200,232.6100,2392517
PSX,2026-08-14,232.6600,236.1400,229.4175,233.6100,2654166
PSX,2026-08-17,234.5000,240.6700,232.9600,240.5500,3820902
PSX,2026-08-18,240.0000,243.6000,238.2000,243.4900,3108144
PSX,2026-08-19,244.2400,244.7323,240.2201,242.2900,2997994
PSX,2026-08-20,243.2600,246.9500,239.2800,240.0000,3109844
PSX,2026-08-21,240.2800,244.4700,240.0000,242.8700,2653862
PSX,2026-08-24,241.1000,246.0000,239.5050,241.9600,2301490
PSX,2026-08-25,239.5000,242.0000,236.5600,236.9000,2176553
PSX,2026-08-26,234.0600,244.1500,233.5500,242.2300,2235653
PSX,2026-08-27,242.5300,244.6500,237.1250,239.8100,2420608
PSX,2026-08-28,241.2200,244.6550,239.8700,244.0100,1729184
PSX,2026-08-31,248.1200,250.6600,243.1500,246.5800,4441200
PSX,2026-09-01,251.6600,252.0500,247.1350,252.0200,3099713
PSX,2026-09-02,250.0900,258.4800,249.4700,256.0900,2890743
PSX,2026-09-03,255.8100,260.6800,253.9900,254.6600,2718116
PSX,2026-09-04,251.7800,256.9757,248.0000,255.0900,2285019
PSX,2026-09-08,260.0000,261.0000,258.3000,259.1400,2510872
PSX,2026-09-09,262.1900,263.6587,257.9310,260.7800,2182099
PSX,2026-09-10,263.7600,263.7600,257.8550,258.5100,2942953
PSX,2026-09-11,258.6300,265.4300,258.5000,259.4700,2581922
PSX,2026-09-14,263.1000,264.8600,253.4100,257.0600,3531648
PSX,2026-09-15,258.1200,266.6991,257.9700,264.9300,2879686
PSX,2026-09-16,260.4600,267.2900,259.3550,264.6300,2671652
PSX,2026-09-17,261.4400,274.2100,260.5000,274.2100,3577016
PSX,2026-09-18,272.2400,277.1200,271.4200,273.1300,10174358
PSX,2026-09-21,269.3600,275.9650,259.5000,261.7500,3393482
PSX,2026-09-22,256.8800,264.5900,254.5700,256.7800,4177791
PSX,2026-09-23,259.1500,263.8200,250.2600,256.4800,4354279
PSX,2026-09-24,258.7000,263.4514,255.6200,255.8700,2751870
PSX,2026-09-25,252.6800,257.3100,250.0862,255.7500,3318650
PSX,2026-09-28,257.2000,259.1050,251.6400,253.5500,3597157
PSX,2026-09-29,250.0000,252.9500,248.5100,252.2500,2190117
PSX,2026-09-30,256.9200,260.3500,254.7940,255.3100,2521844
PSX,2026-10-01,253.2500,264.4300,252.5350,264.2300,2529727
PSX,2026-10-02,261.5150,267.2700,255.8000,264.5800,2056815
PSX,2026-10-05,264.6000,271.4943,262.0300,269.7200,2004685
PSX,2026-10-06,266.7500,271.8200,266.2650,269.7900,1608511
RTX,2026-05-14,178.1100,178.9000,175.3000,175.6800,6421638
RTX,2026-05-15,175.5200,175.9800,170.7800,171.1800,7694030
RTX,2026-05-18,171.6800,176.0900,171.0000,175.9500,5627436
RTX,2026-05-19,176.2900,177.0000,174.3750,174.4900,5578637
RTX,2026-05-20,175.4700,176.1600,173.0000,174.8500,6579943
RTX,2026-05-21,174.5900,177.1800,173.2900,175.9800,3596348
RTX,2026-05-22,176.7400,177.6000,175.2600,177.0100,4321324
RTX,2026-05-26,178.0000,179.2100,176.0700,178.9700,5533930
RTX,2026-05-27,178.4900,178.7979,175.7057,176.5900,5148547
RTX,2026-05-28,176.8000,181.5500,176.7400,178.9600,5838736
RTX,2026-05-29,178.9100,180.1000,176.0400,179.6600,8757169
RTX,2026-06-01,177.4400,178.6899,174.1300,174.4100,5481978
RTX,2026-06-02,173.8900,175.7500,172.9900,174.2600,4385881
RTX,2026-06-03,173.0100,176.4200,172.5500,172.5500,4322011
RTX,2026-06-04,176.5400,180.4200,176.1940,179.4100,4697229
RTX,2026-06-05,179.1700,182.5300,178.0100,180.9900,6272187
RTX,2026-06-08,180.4900,182.3000,177.9000,178.6600,5908714
RTX,2026-06-09,178.9600,182.7800,178.5400,181.5600,6227936
RTX,2026-06-10,183.0000,183.0000,176.9300,177.4100,6037263
RTX,2026-06-11,178.0200,184.4000,178.0200,184.2100,6492715
RTX,2026-06-12,184.6900,184.8650,181.8700,183.5300,3348404
RTX,2026-06-15,183.8600,186.4550,182.8800,183.6400,6073937
RTX,2026-06-16,184.2500,186.8500,182.2510,186.7700,5103635
RTX,2026-06-17,188.7500,193.4550,186.3800,192.5800,7530118
RTX,2026-06-18,194.0000,194.1700,184.4201,185.6000,8866358
RTX,2026-06-22,184.5900,185.7100,180.9700,181.8300,6351778
RTX,2026-06-23,183.0000,186.7150,181.8300,186.3900,3908621
RTX,2026-06-24,187.4300,187.4400,184.6500,185.0600,4463666
RTX,2026-06-25,185.0000,189.6600,184.3500,186.5900,3594827
RTX,2026-06-26,187.2800,190.4900,186.8800,187.9900,8036385
RTX,2026-06-29,187.6100,189.8800,187.1600,187.3300,3594349
RTX,2026-06-30,189.0000,190.1000,186.8300,189.7300,4054522
RTX,2026-07-01,190.4800,191.8200,188.9700,191.7800,3780460
RTX,2026-07-02,194.7700,199.6950,194.0450,199.2500,5194401
RTX,2026-07-06,200.0000,202.5500,197.9550,201.3700,6571308
RTX,2026-07-07,203.5400,203.9400,199.6400,200.8500,4400415
RTX,2026-07-08,199.0000,200.4089,194.6900,194.9100,4163908
RTX,2026-07-09,193.9900,195.8300,193.0000,195.2000,3940737
RTX,2026-07-10,195.0100,196.6875,192.5900,195.9300,2823069
RTX,2026-07-13,196.4400,197.6866,195.2250,196.3900,3608133
RTX,2026-07-14,196.3800,198.5000,193.3900,193.3900,4249796
RTX,2026-07-15,195.0150,196.2800,193.1400,195.8900,3543606
RTX,2026-07-16,195.6600,196.7200,192.8500,194.3600,3727932
RTX,2026-07-17,195.3800,198.4400,192.9700,193.5100,4201041
RTX,2026-07-20,194.6300,197.5400,194.1000,194.4400,4593530
RTX,2026-07-21,194.0000,197.1401,190.0200,193.6700,3527432
RTX,2026-07-22,195.9000,197.3499,193.7775,194.8800,5150493
RTX,2026-07-23,205.0000,213.4900,202.5100,209.1600,9998808
RTX,2026-07-24,210.8300,214.8899,209.2601,212.7900,5877311
RTX,2026-07-27,214.4200,220.3900,213.7997,218.4200,8193748
RTX,2026-07-28,220.9900,221.3400,215.9000,218.5800,7780082
RTX,2026-07-29,220.0000,220.5700,215.0100,215.2500,8234361
RTX,2026-07-30,214.5000,214.6400,209.3900,214.3800,5240573
RTX,2026-07-31,213.3500,215.8200,212.0350,215.2200,3421308
RTX,2026-08-03,216.5700,218.1300,214.4200,216.6500,3814277
RTX,2026-08-04,217.3800,218.6000,214.5250,217.9300,6386927
RTX,2026-08-05,220.0000,222.8150,218.8950,222.3100,4276671
RTX,2026-08-06,224.2050,225.6500,220.4800,223.2500,5973547
RTX,2026-08-07,222.5300,224.3051,220.5000,223.0300,4975596
RTX,2026-08-10,224.3800,226.8840,223.3000,224.1200,3280628
RTX,2026-08-11,224.0000,225.3400,222.3400,223.8600,2930368
RTX,2026-08-12,222.6200,223.5500,219.4700,222.7600,3927976
RTX,2026-08-13,223.4700,224.0000,218.8700,220.4800,3234552
RTX,2026-08-14,222.0000,223.0700,219.9750,222.9700,2871094
RTX,2026-08-17,222.9200,224.6100,221.6000,221.6400,5187626
RTX,2026-08-18,222.7600,226.0900,222.3000,225.4900,5972477
RTX,2026-08-19,225.9300,226.4100,220.2200,220.3500,6227051
RTX,2026-08-20,218.9700,220.4900,212.1600,212.2900,4931795
RTX,2026-08-21,213.3600,213.5200,209.8500,209.9100,4795752
RTX,2026-08-24,210.0000,210.8894,207.7461,209.2200,3839606
RTX,2026-08-25,210.3600,210.6500,207.4400,210.2800,4894904
RTX,2026-08-26,210.4000,213.1000,209.2897,211.9900,3791748
RTX,2026-08-27,211.3400,212.5200,209.8250,212.0800,3849925
RTX,2026-08-28,212.7300,213.5000,210.7000,211.7100,2314857
RTX,2026-08-31,210.2300,211.2400,207.6900,207.7300,3962328
RTX,2026-09-01,208.5100,211.3100,204.1700,205.1600,3087938
RTX,2026-09-02,206.8800,206.8800,200.3100,200.7800,4694226
RTX,2026-09-03,202.0000,202.6650,200.1000,202.1300,3706633
RTX,2026-09-04,200.7700,201.6357,199.0400,200.7900,2803336
RTX,2026-09-08,199.7300,201.7500,198.1300,198.8100,3627291
RTX,2026-09-09,198.9200,199.5600,196.8000,197.5500,3319425
RTX,2026-09-10,198.0300,198.8600,196.6801,198.1200,2651870
RTX,2026-09-11,199.5700,200.3800,196.3100,197.6800,3680583
RTX,2026-09-14,196.4000,196.5000,194.0100,195.3400,3582691
RTX,2026-09-15,196.7300,197.2050,193.0500,195.5000,4729145
RTX,2026-09-16,195.3900,197.6700,194.7800,196.8300,3485674
RTX,2026-09-17,197.5000,197.5000,191.8400,193.5400,3549581
RTX,2026-09-18,193.0000,194.0000,191.1750,194.0000,9843426
RTX,2026-09-21,193.7500,195.1900,192.8600,194.3400,2930277
RTX,2026-09-22,194.7400,194.8700,187.0400,190.9900,4686232
RTX,2026-09-23,191.8800,195.0700,190.7000,192.1900,4222436
RTX,2026-09-24,191.9200,193.2700,188.5000,188.6100,3410062
RTX,2026-09-25,188.0700,189.5800,187.5600,189.4000,3668031
RTX,2026-09-28,187.8200,189.5900,186.8100,187.6600,3227566
RTX,2026-09-29,187.0000,189.3800,186.5200,186.9400,3681568
RTX,2026-09-30,186.3800,187.5400,184.5600,185.6500,4743644
RTX,2026-10-01,185.0000,186.7400,184.3250,185.0100,3178301
RTX,2026-10-02,184.5000,185.8202,183.8300,184.6800,3813660
RTX,2026-10-05,184.2600,185.2400,182.6200,184.3300,3387445
RTX,2026-10-06,183.5500,184.6000,182.4110,183.2900,4250454
TEVA,2026-05-14,36.0100,36.0800,35.0600,35.3100,5522628
TEVA,2026-05-15,34.7900,34.8800,33.6100,34.2900,6694884
TEVA,2026-05-18,34.1500,34.9800,33.8400,34.0300,4976941
TEVA,2026-05-19,34.0000,34.2250,33.6900,34.0700,3060095
TEVA,2026-05-20,34.2400,34.5500,34.0800,34.3200,6256808
TEVA,2026-05-21,34.1000,34.3650,33.7500,34.1600,4605560
TEVA,2026-05-22,34.2900,34.8500,34.0200,34.0700,2710347
TEVA,2026-05-26,34.5400,34.9300,34.1601,34.6100,4445477
TEVA,2026-05-27,34.6500,35.1500,34.4000,34.5600,4357493
TEVA,2026-05-28,34.1800,34.8400,33.6900,34.5200,3497389
TEVA,2026-05-29,34.7900,35.4700,34.5200,35.3200,16852842
TEVA,2026-06-01,34.6400,34.7700,33.8350,34.6400,6626153
TEVA,2026-06-02,34.1500,34.1500,32.5100,33.0800,10282222
TEVA,2026-06-03,32.8300,32.9800,32.3700,32.8300,5070028
TEVA,2026-06-04,33.0700,34.4750,33.0000,34.4300,5575695
TEVA,2026-06-05,34.3000,35.0100,34.0894,34.1900,5713369
TEVA,2026-06-08,34.3500,34.9500,33.0700,33.2600,5750586
TEVA,2026-06-09,33.4800,34.4750,32.9100,34.4500,6366856
TEVA,2026-06-10,34.0200,34.2000,33.4800,33.5800,3857844
TEVA,2026-06-11,34.0100,34.7400,33.9850,34.5600,7228710
TEVA,2026-06-12,34.8100,34.8800,33.8800,34.6300,5928086
TEVA,2026-06-15,34.9100,35.2500,33.6200,33.6900,5241832
TEVA,2026-06-16,33.5800,33.7000,32.8000,32.9100,5304899
TEVA,2026-06-17,32.7400,32.9200,32.2300,32.5600,5539753
TEVA,2026-06-18,32.3800,32.3800,30.8000,31.4800,12241543
TEVA,2026-06-22,31.3700,32.3900,31.2800,32.2000,6111093
TEVA,2026-06-23,32.1400,33.3400,32.1200,33.2100,5567372
TEVA,2026-06-24,33.3200,34.5850,33.1600,34.2200,7249291
TEVA,2026-06-25,34.1400,34.6900,33.4000,33.6200,7448003
TEVA,2026-06-26,33.4700,34.1400,32.9600,33.2100,4703604
TEVA,2026-06-29,33.1000,33.4800,32.9602,33.3100,3271624
TEVA,2026-06-30,33.2800,34.2800,33.0000,33.8800,5396075
TEVA,2026-07-01,33.8300,34.0800,33.2600,33.4400,4241435
TEVA,2026-07-02,33.8700,34.9200,33.5900,34.6400,4815447
TEVA,2026-07-06,35.0000,35.4700,34.5750,35.2900,4116819
TEVA,2026-07-07,35.2100,35.3300,34.2300,34.6500,5566054
TEVA,2026-07-08,34.1700,34.1700,32.5700,33.2400,6623728
TEVA,2026-07-09,32.8900,33.1400,32.4100,33.1000,5112938
TEVA,2026-07-10,33.0200,33.3500,32.7000,32.9500,6638420
TEVA,2026-07-13,32.5200,32.8100,32.1400,32.1800,4231527
TEVA,2026-07-14,32.0400,32.2700,31.6550,31.8200,3452186
TEVA,2026-07-15,31.8200,31.9700,31.2800,31.5600,5519683
TEVA,2026-07-16,31.6400,32.4200,31.5400,32.2200,4453698
TEVA,2026-07-17,32.1300,32.6900,31.9550,32.0300,3612359
TEVA,2026-07-20,32.2400,32.2600,30.9500,31.0000,4515318
TEVA,2026-07-21,31.1300,31.5300,30.7200,31.3500,4849308
TEVA,2026-07-22,30.8600,31.2000,30.1300,30.1500,5116994
TEVA,2026-07-23,29.9400,31.2000,29.6001,31.1800,4451647
TEVA,2026-07-24,31.2300,31.8600,30.7700,30.8100,3132683
TEVA,2026-07-27,31.2700,31.2850,30.9100,31.0800,5305668
TEVA,2026-07-28,31.1800,31.8800,31.0200,31.6700,5056277
TEVA,2026-07-29,33.6700,35.6900,33.4800,34.7100,17760927
TEVA,2026-07-30,34.3500,35.8700,34.2700,35.4100,8768529
TEVA,2026-07-31,35.6000,35.6600,34.5600,35.0100,4695343
TEVA,2026-08-03,35.0000,35.0700,33.7804,34.4600,6208661
TEVA,2026-08-04,34.6200,34.6492,34.0500,34.4300,4924515
TEVA,2026-08-05,34.2500,34.9800,33.8900,34.7200,4963166
TEVA,2026-08-06,34.5400,34.9200,34.3800,34.8100,4132286
TEVA,2026-08-07,35.0000,35.7700,34.8700,35.3600,4271884
TEVA,2026-08-10,35.0300,36.1400,35.0000,36.1400,5608050
TEVA,2026-08-11,36.1700,36.9800,36.1300,36.4800,8040857
TEVA,2026-08-12,36.8000,37.2400,36.4400,36.7400,5700975
TEVA,2026-08-13,36.9000,37.3890,36.4600,36.5200,7608870
TEVA,2026-08-14,36.2600,36.8100,36.0906,36.7700,2332543
TEVA,2026-08-17,36.5300,36.7800,35.9900,36.4600,3584896
TEVA,2026-08-18,36.4700,37.2500,36.3400,36.5800,6197596
TEVA,2026-08-19,37.0000,37.8300,36.6034,37.4700,7975798
TEVA,2026-08-20,37.1200,37.3450,36.7350,36.8100,4513451
TEVA,2026-08-21,36.7900,37.7500,36.6500,37.3400,4300154
TEVA,2026-08-24,37.3000,37.3200,36.7500,36.9300,3338943
TEVA,2026-08-25,37.1300,38.1100,37.0900,38.1000,5279134
TEVA,2026-08-26,37.7000,38.0550,37.0700,37.9200,4816066
TEVA,2026-08-27,37.7200,38.3700,37.5350,37.6200,4721594
TEVA,2026-08-28,37.3700,37.4200,36.3700,36.4400,3140917
TEVA,2026-08-31,36.1700,36.3347,35.6200,36.0500,5778765
TEVA,2026-09-01,36.5200,36.5500,35.8500,36.1900,3515716
TEVA,2026-09-02,36.6500,37.5900,35.7420,37.4900,7690282
TEVA,2026-09-03,37.9800,38.0600,36.3300,36.6200,3904536
TEVA,2026-09-04,36.4000,36.9300,36.1300,36.3600,7402523
TEVA,2026-09-08,35.8900,36.9650,35.4200,36.7600,4623970
TEVA,2026-09-09,36.8200,37.3150,36.4700,36.8500,3999774
TEVA,2026-09-10,36.3700,36.7500,36.0400,36.3500,4014361
TEVA,2026-09-11,36.4600,37.1100,36.0600,37.0900,2855422
TEVA,2026-09-14,37.6600,39.2200,37.0000,38.7200,4381992
TEVA,2026-09-15,38.7100,39.4900,38.1100,39.2500,7127917
TEVA,2026-09-16,39.0200,39.5200,38.3200,38.5300,4821843
TEVA,2026-09-17,38.9600,39.7000,38.7100,39.1900,5521445
TEVA,2026-09-18,38.9000,39.3800,38.6600,38.9800,5477350
TEVA,2026-09-21,39.0900,40.7900,38.3621,40.0600,5941719
TEVA,2026-09-22,39.4500,40.1400,39.0506,39.5200,4542856
TEVA,2026-09-23,39.6800,40.0900,38.9200,39.0100,6138747
TEVA,2026-09-24,38.7400,40.3100,38.6300,40.2200,7731632
TEVA,2026-09-25,40.1000,40.2500,38.9300,39.1900,3874734
TEVA,2026-09-28,38.3600,39.1100,38.3000,38.8800,4306547
TEVA,2026-09-29,38.9000,40.2400,38.6650,39.8100,6822717
TEVA,2026-09-30,40.2000,40.2750,39.2200,39.6000,5654694
TEVA,2026-10-01,39.5000,39.5800,38.5200,39.3100,5987110
TEVA,2026-10-02,39.3100,39.8100,39.0500,39.5300,4774988
TEVA,2026-10-05,39.4400,40.0300,39.2700,39.6600,4147902
TEVA,2026-10-06,39.6500,39.9300,38.8500,39.1300,5716698
TGT,2026-05-18,121.8200,123.5500,120.0800,123.4000,3708123
TGT,2026-05-19,122.7800,127.4900,120.2450,127.2400,10539835
TGT,2026-05-20,120.2100,123.1300,117.0500,122.3300,20085103
TGT,2026-05-21,120.8300,126.5200,117.8050,126.1500,9959869
TGT,2026-05-22,127.4900,127.9800,125.1100,125.6000,4946468
TGT,2026-05-26,126.5200,126.8450,124.0500,125.4300,4455731
TGT,2026-05-27,126.9800,131.2020,126.4600,128.3300,6077937
TGT,2026-05-28,129.7600,130.2000,127.7500,128.6500,4677419
TGT,2026-05-29,127.4100,127.8800,125.2700,127.0700,6455972
TGT,2026-06-01,126.4800,126.7199,121.5709,123.7100,4859275
TGT,2026-06-02,123.2300,124.9700,123.0200,123.1800,3206450
TGT,2026-06-03,123.1300,125.2500,122.5100,124.8000,3336307
TGT,2026-06-04,126.5500,126.8250,123.8300,123.8500,4749852
TGT,2026-06-05,124.0000,124.0800,121.7900,122.5700,4384527
TGT,2026-06-08,122.0250,124.1450,120.7700,123.9700,2846460
TGT,2026-06-09,124.1600,127.5200,123.9800,126.6100,4092131
TGT,2026-06-10,127.6500,128.5000,125.3700,127.9800,3943079
TGT,2026-06-11,129.0300,132.9600,128.1000,132.6400,4535612
TGT,2026-06-12,133.4500,136.1400,133.4500,135.2300,4803317
TGT,2026-06-15,136.0000,137.8700,133.0600,133.1700,7287856
TGT,2026-06-16,133.1700,134.6450,131.3200,133.4000,3186162
TGT,2026-06-17,132.5700,133.6790,127.6600,127.8100,3506931
TGT,2026-06-18,129.0000,131.8000,128.9500,130.7400,7529316
TGT,2026-06-22,131.5200,134.0200,129.3900,129.7300,3942716
TGT,2026-06-23,131.9100,134.9000,131.2200,134.1100,4793062
TGT,2026-06-24,135.6900,141.2500,134.8061,141.2000,6235848
TGT,2026-06-25,140.7500,142.8200,139.0742,139.5700,4342158
TGT,2026-06-26,140.4600,141.6200,139.3275,140.3900,6802500
TGT,2026-06-29,139.1500,139.5600,133.7800,133.9200,4554370
TGT,2026-06-30,133.6200,133.8600,129.6800,130.6100,6507618
TGT,2026-07-01,129.8000,130.8800,126.4550,130.2900,4928847
TGT,2026-07-02,130.7400,132.2800,129.5800,130.2100,3272430
TGT,2026-07-06,129.9900,129.9900,124.7000,126.1000,5209916
TGT,2026-07-07,127.5900,127.8900,126.3301,127.5500,2996486
TGT,2026-07-08,130.0000,133.5400,128.3200,132.4200,6780257
TGT,2026-07-09,131.7100,134.8900,131.2600,132.2700,4459917
TGT,2026-07-10,133.2650,136.0500,132.9225,135.1400,3403536
TGT,2026-07-13,136.6800,136.9400,134.2901,134.7700,4243665
TGT,2026-07-14,135.5900,136.3390,133.1000,134.0000,2507067
TGT,2026-07-15,134.2700,139.8800,133.6020,138.2900,5224362
TGT,2026-07-16,140.0000,141.7400,139.2800,140.2100,4297200
TGT,2026-07-17,140.7500,144.4000,138.3300,139.6000,5188211
TGT,2026-07-20,141.3100,143.2100,138.8000,139.5900,3388262
TGT,2026-07-21,138.9800,139.7000,137.6777,138.4800,2413471
TGT,2026-07-22,139.2200,139.6900,137.1800,137.9200,2283582
TGT,2026-07-23,135.0900,135.5850,132.5500,134.4800,3207399
TGT,2026-07-24,134.5100,137.5750,134.2300,136.7800,2485724
TGT,2026-07-27,138.1800,140.9100,137.4450,140.3400,3042758
TGT,2026-07-28,141.9100,145.8500,141.2900,144.2000,4624169
TGT,2026-07-29,143.9100,147.7700,142.1700,145.9000,3199062
TGT,2026-07-30,144.1000,145.2900,143.0700,144.5100,2627975
TGT,2026-07-31,145.0300,145.1400,141.0500,144.4900,3312025
TGT,2026-08-03,147.5200,150.0700,147.5200,149.3500,4856949
TGT,2026-08-04,147.3700,149.8900,146.4700,148.1100,3181527
TGT,2026-08-05,148.6500,148.9500,146.9100,147.7000,4230328
TGT,2026-08-06,149.6000,149.7400,146.3101,147.0800,2501736
TGT,2026-08-07,146.0700,149.8000,145.5005,149.7000,2847957
TGT,2026-08-10,149.1400,153.3200,148.0200,152.0200,5256504
TGT,2026-08-11,151.0400,154.8900,150.4600,152.2900,4171436
TGT,2026-08-12,151.2400,154.1300,150.3200,154.0000,4601276
TGT,2026-08-13,155.0000,156.4700,154.3900,155.5100,3650214
TGT,2026-08-14,155.6900,156.3300,154.2700,154.4800,3615843
TGT,2026-08-17,153.4500,154.5700,150.8800,151.0100,6122401
TGT,2026-08-18,153.3800,154.2600,151.6550,152.4800,5787975
TGT,2026-08-19,147.8000,161.9799,146.2100,159.0000,9467542
TGT,2026-08-20,157.0000,161.2800,154.5000,158.2500,6059924
TGT,2026-08-21,161.0600,165.4800,160.2300,165.4400,6236978
TGT,2026-08-24,166.0600,170.7500,165.7150,169.8900,6418008
TGT,2026-08-25,165.9000,166.7500,161.2000,163.4700,7597489
TGT,2026-08-26,163.6750,164.8500,161.3400,164.0400,4661458
TGT,2026-08-27,162.1800,167.1300,161.8100,165.9300,4748583
TGT,2026-08-28,166.0000,166.0600,162.6500,163.1800,3644518
TGT,2026-08-31,162.8300,164.4950,160.1800,160.8800,3911760
TGT,2026-09-01,161.7400,164.3400,161.2700,163.7500,3982974
TGT,2026-09-02,164.0100,165.3000,163.1100,163.3600,2805256
TGT,2026-09-03,164.1200,165.6500,162.6400,164.0100,1986981
TGT,2026-09-04,163.6200,164.8200,162.7500,164.4400,2866300
TGT,2026-09-08,164.0700,164.4900,160.4450,162.7100,2660307
TGT,2026-09-09,162.0200,162.3800,157.4100,157.5200,3394933
TGT,2026-09-10,157.6700,158.4899,154.6700,155.7300,3209846
TGT,2026-09-11,156.3400,157.3700,154.3500,155.8300,2644546
TGT,2026-09-14,157.7800,160.1100,157.0250,158.7000,3288381
TGT,2026-09-15,158.7700,159.1950,153.7300,154.4000,3620802
TGT,2026-09-16,154.5200,156.3300,153.5500,154.6800,2744975
TGT,2026-09-17,156.4200,160.0000,156.4200,159.8300,4094873
TGT,2026-09-18,159.8100,159.8200,157.1300,158.1900,6815578
TGT,2026-09-21,158.4700,159.4900,157.5582,157.7100,2255318
TGT,2026-09-22,157.8700,160.0500,157.2600,159.0200,2194981
TGT,2026-09-23,159.0500,160.0000,155.9300,156.2600,2989017
TGT,2026-09-24,158.0000,159.5550,156.1500,156.1500,3349060
TGT,2026-09-25,155.3700,157.8850,153.9600,157.4500,2957563
TGT,2026-09-28,156.6000,160.7990,156.2100,158.4300,3402563
TGT,2026-09-29,157.5500,158.4700,154.6700,156.4300,3746090
TGT,2026-09-30,159.2500,159.9200,155.9600,156.6900,4459602
TGT,2026-10-01,156.5900,158.0300,155.4916,156.7000,4744331
TGT,2026-10-02,157.0000,157.0800,154.7200,156.0000,4300971
TGT,2026-10-05,155.1250,155.5100,150.6699,152.9900,5055310
TGT,2026-10-06,152.8550,154.5600,152.2950,154.3300,3739197
TGT,2026-10-07,154.0200,154.4500,150.7700,150.9200,4512717
TGT,2026-10-08,150.3900,156.1000,150.3900,154.8000,4163756
USFD,2026-05-14,85.4500,86.2900,83.7300,83.9600,2630455
USFD,2026-05-15,83.7600,84.0000,82.0250,82.3800,3230406
USFD,2026-05-18,82.3600,82.9000,81.7750,82.0500,2906473
USFD,2026-05-19,81.6300,82.1250,80.5700,81.2500,2936811
USFD,2026-05-20,81.7200,82.3100,80.4300,81.1200,3896054
USFD,2026-05-21,80.0500,81.8350,79.5200,81.2400,2039983
USFD,2026-05-22,81.0900,81.6300,79.7950,80.4700,1803338
USFD,2026-05-26,80.3200,81.8500,80.0000,81.3000,3029928
USFD,2026-05-27,80.4900,82.9000,80.4900,82.3900,2110667
USFD,2026-05-28,82.0300,82.2750,80.7100,81.1500,1823860
USFD,2026-05-29,80.9700,82.3450,80.3050,81.8500,2557507
USFD,2026-06-01,80.4800,81.6100,80.1100,81.2300,2042180
USFD,2026-06-02,81.1500,81.6500,80.4900,80.7200,2128381
USFD,2026-06-03,80.3600,83.9600,80.3000,83.1600,3320983
USFD,2026-06-04,84.0000,84.4200,81.9050,82.2000,2635222
USFD,2026-06-05,82.2300,84.6400,81.7700,84.6100,5014361
USFD,2026-06-08,85.0000,86.9800,84.4750,86.7900,3594906
USFD,2026-06-09,86.3000,89.3200,85.1600,89.2500,3306388
USFD,2026-06-10,89.6400,91.1800,89.3950,90.1800,3661332
USFD,2026-06-11,91.2950,92.2400,89.7900,91.2300,3242731
USFD,2026-06-12,91.8300,93.5600,91.1600,93.3200,2325114
USFD,2026-06-15,93.1700,94.0500,92.6400,93.4400,2819136
USFD,2026-06-16,93.9000,94.8000,92.5412,93.2200,2014101
USFD,2026-06-17,92.3900,94.2200,91.8500,93.7500,2698928
USFD,2026-06-18,94.8000,95.6500,91.7800,91.9100,5387769
USFD,2026-06-22,91.2600,94.4100,91.2600,92.7600,1769567
USFD,2026-06-23,92.9900,95.0000,92.0900,94.0100,2271091
USFD,2026-06-24,93.1500,95.5400,93.1500,95.3500,1867241
USFD,2026-06-25,95.8300,98.8950,95.8300,96.2200,5156851
USFD,2026-06-26,97.3400,99.0900,97.0500,98.3100,4293961
USFD,2026-06-29,98.6200,102.5000,98.0000,102.4400,3511850
USFD,2026-06-30,100.9800,102.6200,99.6500,102.2500,3699216
USFD,2026-07-01,103.0600,103.0600,100.4500,101.9000,2680721
USFD,2026-07-02,100.6700,104.4300,100.6700,104.2900,2488290
USFD,2026-07-06,103.8400,104.2800,101.3100,102.8600,3658397
USFD,2026-07-07,104.3000,105.1700,103.5000,103.9900,2187121
USFD,2026-07-08,103.1700,104.1550,99.1000,99.8800,3730669
USFD,2026-07-09,100.4800,101.2500,98.8400,99.4800,2257223
USFD,2026-07-10,99.2300,101.0500,98.3700,100.9800,2812183
USFD,2026-07-13,100.6300,102.2100,99.6000,101.3100,2191434
USFD,2026-07-14,101.7700,102.7500,100.3600,101.0000,1929546
USFD,2026-07-15,100.9000,101.5100,96.9200,97.0500,2706231
USFD,2026-07-16,97.0300,99.6200,96.7100,99.1300,2322719
USFD,2026-07-17,99.7000,99.8000,96.9250,97.2700,2973572
USFD,2026-07-20,97.5100,98.1600,95.0300,95.0300,1998545
USFD,2026-07-21,94.8900,96.4650,94.1200,94.7500,2526524
USFD,2026-07-22,94.6300,97.8500,94.4500,96.0600,2509854
USFD,2026-07-23,94.5000,95.7800,93.1350,95.5800,2134280
USFD,2026-07-24,96.2900,97.7300,95.3250,97.1700,1406401
USFD,2026-07-27,97.7800,99.7400,97.5200,99.2900,1473379
USFD,2026-07-28,100.2800,102.2700,100.1600,101.4700,2368210
USFD,2026-07-29,101.3400,103.8100,100.5450,102.3500,2823184
USFD,2026-07-30,101.7800,102.1900,99.4000,100.5500,2097569
USFD,2026-07-31,100.2100,101.0250,99.8400,100.5900,2202213
USFD,2026-08-03,100.5900,101.7600,98.9201,99.6700,2772882
USFD,2026-08-04,99.3300,99.8650,97.1300,99.0400,3116167
USFD,2026-08-05,99.9000,100.6100,99.0400,100.4900,3059578
USFD,2026-08-06,105.3300,110.0850,103.9150,106.9700,4509806
USFD,2026-08-07,106.3700,109.2750,104.5400,108.8800,2423714
USFD,2026-08-10,108.5800,109.0600,107.6400,108.6300,1522190
USFD,2026-08-11,108.2700,110.6300,107.8150,110.5200,1983141
USFD,2026-08-12,109.1700,111.4200,107.2200,110.9400,3208670
USFD,2026-08-13,110.2600,111.2500,109.6100,110.0900,2291347
USFD,2026-08-14,108.9900,110.5100,107.3700,108.9200,1904476
USFD,2026-08-17,108.0600,110.0100,106.3597,108.6100,1821039
USFD,2026-08-18,109.3000,109.3000,106.8350,106.9100,1552983
USFD,2026-08-19,107.1500,109.1600,107.0700,107.5200,1770389
USFD,2026-08-20,107.0000,108.9500,105.8200,108.4600,1593678
USFD,2026-08-21,109.0000,109.6900,107.7351,109.6200,1539229
USFD,2026-08-24,109.7300,111.2750,108.5000,109.3700,1748857
USFD,2026-08-25,110.0650,110.0650,108.0400,108.8900,1561299
USFD,2026-08-26,109.1300,109.4300,108.2100,108.4600,1126610
USFD,2026-08-27,106.8500,108.1000,106.4400,107.7800,1379228
USFD,2026-08-28,107.9800,108.0800,106.7200,107.2700,1342309
USFD,2026-08-31,106.6100,107.6450,104.4200,104.8400,2209994
USFD,2026-09-01,106.6300,106.9000,104.5400,106.6600,2386435
USFD,2026-09-02,107.1800,107.6700,104.2000,104.7900,2022264
USFD,2026-09-03,105.1600,106.9500,104.1600,104.4100,1257445
USFD,2026-09-04,103.8500,104.8000,102.5000,104.0400,1225529
USFD,2026-09-08,103.5600,104.2300,102.5900,103.0900,1423648
USFD,2026-09-09,102.4400,104.4150,96.8300,97.4500,3083792
USFD,2026-09-10,97.4700,98.7400,95.4900,96.0600,2653716
USFD,2026-09-11,95.4600,97.0600,93.8900,95.3400,3246480
USFD,2026-09-14,95.7350,96.5930,94.6100,94.8000,2554661
USFD,2026-09-15,94.0300,94.6000,90.1900,92.0100,3612043
USFD,2026-09-16,92.1500,93.9050,91.5400,92.5100,3719874
USFD,2026-09-17,94.0000,94.0000,91.9600,92.1600,3076503
USFD,2026-09-18,92.0500,94.0300,91.5700,93.4200,4909852
USFD,2026-09-21,93.5700,94.8950,92.5600,94.2200,2960280
USFD,2026-09-22,94.0800,96.9800,93.9900,94.2000,2935757
USFD,2026-09-23,93.9700,95.3500,93.8350,93.9300,2832112
USFD,2026-09-24,94.2100,94.8500,93.2050,93.8200,2418141
USFD,2026-09-25,93.6700,94.4150,92.6800,93.3300,1640842
USFD,2026-09-28,93.0000,94.4000,91.7600,93.7200,2600036
USFD,2026-09-29,92.9200,94.9200,92.3600,93.7000,1402355
USFD,2026-09-30,94.0600,94.1650,92.1800,92.2100,2109236
USFD,2026-10-01,91.9600,94.2500,90.8200,93.9300,2108703
USFD,2026-10-02,94.6000,97.7850,94.3300,96.9200,3479346
USFD,2026-10-05,96.6100,96.9900,94.5650,94.6300,2193016
USFD,2026-10-06,95.3200,96.9300,95.1300,96.5300,1404857
VLY,2026-05-14,13.1200,13.2100,12.9650,13.0500,5370116
VLY,2026-05-15,13.0400,13.0500,12.7650,12.9300,6591467
VLY,2026-05-18,13.0200,13.1900,12.9900,13.0700,4823318
VLY,2026-05-19,13.0000,13.0700,12.8700,12.9250,4972296
VLY,2026-05-20,12.9800,13.3950,12.9500,13.3600,7152027
VLY,2026-05-21,13.2700,13.4500,13.2100,13.4100,4597410
VLY,2026-05-22,13.5250,13.5600,13.3800,13.5500,5232814
VLY,2026-05-26,13.6700,13.7800,13.5550,13.7050,4539577
VLY,2026-05-27,13.7100,13.8300,13.5800,13.6400,7880488
VLY,2026-05-28,13.5900,13.7350,13.4900,13.7200,6394148
VLY,2026-05-29,13.6700,13.8300,13.6700,13.7700,5193139
VLY,2026-06-01,13.6900,13.6900,13.4401,13.5200,6230260
VLY,2026-06-02,13.5200,13.8400,13.4400,13.7600,5028340
VLY,2026-06-03,13.7000,13.7100,13.3800,13.4100,5114011
VLY,2026-06-04,13.6100,13.8300,13.5800,13.7900,4195262
VLY,2026-06-05,13.8000,13.9500,13.7550,13.7800,4785907
VLY,2026-06-08,13.8500,13.9400,13.6650,13.7700,3965352
VLY,2026-06-09,13.9600,14.2300,13.7700,14.1100,9831311
VLY,2026-06-10,14.1500,14.3950,14.1000,14.1600,10633564
VLY,2026-06-11,14.2300,14.4400,14.0750,14.4100,6293124
VLY,2026-06-12,14.4500,14.7000,14.4500,14.6300,8041834
VLY,2026-06-15,14.7000,14.7200,14.2600,14.2900,7871538
VLY,2026-06-16,14.4200,14.5050,14.1600,14.2000,5918089
VLY,2026-06-17,14.2100,14.3050,13.7900,13.9100,8868729
VLY,2026-06-18,13.7750,14.1400,13.6700,14.0900,11482791
VLY,2026-06-22,14.0600,14.3800,14.0600,14.2400,4753980
VLY,2026-06-23,14.1600,14.4100,14.1600,14.3800,5545466
VLY,2026-06-24,14.4100,14.6200,14.3500,14.6100,7197606
VLY,2026-06-25,14.6400,14.9400,14.5900,14.7800,6195870
VLY,2026-06-26,14.8700,14.8700,14.6050,14.7200,15312080
VLY,2026-06-29,14.6100,14.7050,14.4750,14.6500,5830000
VLY,2026-06-30,14.6400,14.7500,14.5400,14.6500,6403571
VLY,2026-07-01,14.6500,14.9250,14.6379,14.8000,5670793
VLY,2026-07-02,14.8400,14.9350,14.4550,14.5900,6379711
VLY,2026-07-06,14.5900,14.8000,14.5700,14.7900,5283187
VLY,2026-07-07,14.8500,15.0100,14.8000,14.8700,4789782
VLY,2026-07-08,14.7900,14.8600,14.3300,14.4700,6145154
VLY,2026-07-09,14.5700,14.8150,14.5550,14.6600,5126365
VLY,2026-07-10,14.6600,14.7600,14.5800,14.6400,3208095
VLY,2026-07-13,14.6400,14.6800,14.4650,14.5500,5313830
VLY,2026-07-14,14.5600,14.6850,14.5000,14.5800,9027578
VLY,2026-07-15,14.6600,14.9200,14.5850,14.8400,7080926
VLY,2026-07-16,14.8300,15.2000,14.7950,15.1900,8407893
VLY,2026-07-17,15.0400,15.1000,14.8400,14.9500,5466550
VLY,2026-07-20,14.9500,15.0000,14.6400,14.6700,5580073
VLY,2026-07-21,14.7200,14.7200,14.5000,14.6800,8342350
VLY,2026-07-22,14.6800,14.7000,14.4600,14.5200,8559876
VLY,2026-07-23,14.0800,14.6371,14.0100,14.4500,12040035
VLY,2026-07-24,14.5100,14.6050,14.3200,14.3400,12141066
VLY,2026-07-27,14.4300,14.5500,14.2850,14.3500,8029222
VLY,2026-07-28,14.3600,14.5500,14.3250,14.4900,6682049
VLY,2026-07-29,14.3900,14.4950,14.2500,14.2800,5899879
VLY,2026-07-30,14.4200,14.4850,14.2600,14.3200,4476933
VLY,2026-07-31,14.3700,14.4400,14.1550,14.2900,7446906
VLY,2026-08-03,14.3900,14.5500,14.3300,14.5000,5559352
VLY,2026-08-04,14.5200,14.9600,14.4800,14.8800,10763300
VLY,2026-08-05,14.8900,14.9400,14.7300,14.7700,6634000
VLY,2026-08-06,14.8000,14.8800,14.4300,14.4700,6873364
VLY,2026-08-07,14.4800,14.5800,14.3500,14.5500,3719191
VLY,2026-08-10,14.4900,14.6600,14.4250,14.6500,6598065
VLY,2026-08-11,14.6600,14.8250,14.6201,14.7700,3717944
VLY,2026-08-12,14.8900,14.9700,14.7950,14.9300,4357340
VLY,2026-08-13,15.0000,15.0900,14.9200,15.0200,6269934
VLY,2026-08-14,15.0400,15.1500,14.9600,15.0100,4333386
VLY,2026-08-17,14.9900,15.1150,14.8750,14.9400,4727918
VLY,2026-08-18,14.9700,14.9900,14.8000,14.8600,5465133
VLY,2026-08-19,14.9100,14.9900,14.3100,14.4400,6608707
VLY,2026-08-20,14.4100,14.4100,14.1000,14.1200,6034525
VLY,2026-08-21,14.1900,14.2990,14.0300,14.1600,8014881
VLY,2026-08-24,14.1400,14.2800,14.0850,14.1000,3481955
VLY,2026-08-25,14.2100,14.2400,13.7950,14.1000,8683523
VLY,2026-08-26,14.1800,14.1900,14.0600,14.0900,6778372
VLY,2026-08-27,13.9400,14.0400,13.8300,13.9500,6465009
VLY,2026-08-28,14.0050,14.0850,13.8000,13.9200,5634703
VLY,2026-08-31,13.8800,13.9300,13.6200,13.6400,6413634
VLY,2026-09-01,13.6100,13.7000,13.3500,13.3800,6664057
VLY,2026-09-02,13.4900,13.9300,13.4550,13.8100,7023281
VLY,2026-09-03,13.8800,14.0000,13.8032,13.9000,4698958
VLY,2026-09-04,13.8300,14.0600,13.8300,14.0250,3836375
VLY,2026-09-08,13.9800,14.0400,13.9150,13.9200,4738700
VLY,2026-09-09,13.8700,13.9750,13.7000,13.7600,4631880
VLY,2026-09-10,13.7500,13.8700,13.6100,13.8500,5471837
VLY,2026-09-11,13.9600,14.0500,13.7200,13.8000,4020035
VLY,2026-09-14,13.8200,13.9500,13.7450,13.8400,6745225
VLY,2026-09-15,13.7300,13.9050,13.7000,13.8000,7111800
VLY,2026-09-16,13.8100,13.8650,13.2850,13.5400,12047788
VLY,2026-09-17,13.6900,13.7900,13.5100,13.6700,6735869
VLY,2026-09-18,13.6300,13.6400,13.3200,13.5900,13205047
VLY,2026-09-21,13.6000,13.6600,13.3600,13.4000,6896739
VLY,2026-09-22,13.5000,13.5400,13.1200,13.1200,7079031
VLY,2026-09-23,13.1100,13.2000,12.8600,12.8700,7318098
VLY,2026-09-24,12.9200,12.9800,12.7800,12.9600,7240783
VLY,2026-09-25,13.0300,13.1550,12.9950,13.0800,5441647
VLY,2026-09-28,13.0400,13.0700,12.7100,12.7800,11951091
VLY,2026-09-29,12.8000,12.8600,12.5300,12.7200,10140871
VLY,2026-09-30,12.7100,12.8250,12.5700,12.6200,9661189
VLY,2026-10-01,12.5900,12.7100,12.3050,12.6700,11679791
VLY,2026-10-02,12.8100,12.9500,12.7000,12.8200,5650192
VLY,2026-10-05,12.8200,12.9100,12.7000,12.7600,5886983
VLY,2026-10-06,12.8600,12.8950,12.6500,12.6700,5930008
VTRS,2026-05-14,17.4100,17.5300,17.1500,17.2600,7842218
VTRS,2026-05-15,17.1650,17.1700,16.4000,16.4800,9829351
VTRS,2026-05-18,16.5600,16.7100,16.4100,16.5000,10008916
VTRS,2026-05-19,16.3900,16.4500,16.0200,16.1700,14097030
VTRS,2026-05-20,16.2400,16.6400,16.2000,16.5900,11400631
VTRS,2026-05-21,16.5200,16.5450,16.2550,16.4600,8169502
VTRS,2026-05-22,16.3900,16.6800,16.3900,16.6500,7362139
VTRS,2026-05-26,16.6600,16.7600,16.2100,16.2600,11437173
VTRS,2026-05-27,16.4300,16.4300,16.2100,16.2900,6781844
VTRS,2026-05-28,16.1750,16.2100,15.9600,16.1100,8447442
VTRS,2026-05-29,16.0600,16.3000,15.9000,16.2600,16928306
VTRS,2026-06-01,16.1700,16.1700,15.7300,15.8100,12469831
VTRS,2026-06-02,15.8700,15.9250,15.6000,15.6900,8974203
VTRS,2026-06-03,15.6800,15.7200,15.5000,15.5600,6971626
VTRS,2026-06-04,15.7000,15.9900,15.6400,15.9000,7504146
VTRS,2026-06-05,15.8700,16.1900,15.8600,15.8800,8981405
VTRS,2026-06-08,16.0500,16.1800,15.7850,15.9300,9346967
VTRS,2026-06-09,16.1300,16.4100,15.9300,16.2000,8286109
VTRS,2026-06-10,16.1900,16.2000,15.6950,15.7700,8342414
VTRS,2026-06-11,16.0000,16.3150,15.8900,16.3100,11082119
VTRS,2026-06-12,16.4700,16.6294,16.3250,16.4800,6231306
VTRS,2026-06-15,16.5400,16.6250,16.2900,16.3200,10845240
VTRS,2026-06-16,16.2500,16.4200,16.0100,16.0400,6312134
VTRS,2026-06-17,16.0400,16.2200,15.6400,15.7300,9687001
VTRS,2026-06-18,16.0600,16.1600,14.9400,15.3700,22642340
VTRS,2026-06-22,15.4450,15.5150,15.0700,15.3800,12531234
VTRS,2026-06-23,15.3200,15.8000,15.2200,15.7500,8811119
VTRS,2026-06-24,15.9000,16.0950,15.8100,15.9300,9105027
VTRS,2026-06-25,16.0000,16.3950,15.9600,16.0700,8413433
VTRS,2026-06-26,16.0500,16.4250,16.0250,16.3300,12849203
VTRS,2026-06-29,16.3550,16.5200,16.0850,16.2300,8986925
VTRS,2026-06-30,16.2600,16.2600,15.7950,15.8800,10545203
VTRS,2026-07-01,16.0300,16.3350,15.9200,16.1800,13488471
VTRS,2026-07-02,16.2800,16.7400,16.2700,16.7000,9042025
VTRS,2026-07-06,16.7000,16.9800,16.6100,16.8000,11422070
VTRS,2026-07-07,16.9600,17.1650,16.9100,16.9600,9803415
VTRS,2026-07-08,16.9400,16.9400,16.4250,16.6600,8683561
VTRS,2026-07-09,16.6800,16.9000,16.3300,16.3400,9207660
VTRS,2026-07-10,16.3400,16.3650,15.9500,16.2700,7928551
VTRS,2026-07-13,16.2850,16.5950,16.2200,16.3900,5843738
VTRS,2026-07-14,16.3200,16.4300,16.1200,16.3100,9320565
VTRS,2026-07-15,16.2600,16.7000,16.1300,16.6800,7965463
VTRS,2026-07-16,16.7980,17.3850,16.6500,17.3300,9478697
VTRS,2026-07-17,17.3400,17.6700,17.2300,17.2900,9520920
VTRS,2026-07-20,17.3850,17.5100,16.9650,16.9900,7852961
VTRS,2026-07-21,16.9600,17.6750,16.8300,17.5900,8549133
VTRS,2026-07-22,17.5700,17.5700,16.9000,17.0100,14626112
VTRS,2026-07-23,16.8750,17.2800,16.7550,17.2800,7908878
VTRS,2026-07-24,17.2800,17.4888,17.1950,17.2400,7367052
VTRS,2026-07-27,17.3500,17.7500,17.2800,17.6350,9762895
VTRS,2026-07-28,17.7500,17.9400,17.6400,17.8600,9602173
VTRS,2026-07-29,17.9550,18.0700,17.6700,17.8200,10027476
VTRS,2026-07-30,17.6300,17.7900,17.5000,17.7600,5802142
VTRS,2026-07-31,17.6500,17.6900,17.3750,17.5600,15567200
VTRS,2026-08-03,17.7400,17.7600,17.3100,17.6300,8797332
VTRS,2026-08-04,17.6600,17.7500,17.3700,17.7000,8892486
VTRS,2026-08-05,17.8000,17.8800,17.5500,17.6500,11351222
VTRS,2026-08-06,18.1500,18.3900,16.2200,16.2900,21024435
VTRS,2026-08-07,16.4800,16.7800,16.2000,16.4300,13015381
VTRS,2026-08-10,16.3020,16.7100,16.1300,16.2800,13225996
VTRS,2026-08-11,16.2600,16.5650,16.1350,16.2800,12758893
VTRS,2026-08-12,16.1600,16.3400,15.9800,16.1000,13605624
VTRS,2026-08-13,16.2800,16.3800,15.9900,16.0400,16157284
VTRS,2026-08-14,15.9020,16.2700,15.8800,16.2300,8202731
VTRS,2026-08-17,16.1200,16.3000,16.0900,16.2300,7888445
VTRS,2026-08-18,16.3600,16.5200,16.1650,16.1700,9049178
VTRS,2026-08-19,16.4200,16.5800,16.2300,16.2450,5677005
VTRS,2026-08-20,16.0680,16.2600,16.0400,16.1200,5329521
VTRS,2026-08-21,16.0100,16.3700,15.9800,16.3200,6494519
VTRS,2026-08-24,16.2500,16.5800,16.1900,16.5400,4980491
VTRS,2026-08-25,16.5850,16.7400,16.4400,16.7200,8331642
VTRS,2026-08-26,16.7200,17.0650,16.6500,16.8500,7402327
VTRS,2026-08-27,16.7500,17.1000,16.6500,16.8900,6464665
VTRS,2026-08-28,16.9300,17.0100,16.2950,16.3400,6218655
VTRS,2026-08-31,16.2900,16.5800,16.1200,16.5100,12669710
VTRS,2026-09-01,16.6200,16.9100,16.5100,16.6300,6527492
VTRS,2026-09-02,16.7500,17.1300,16.7500,17.0900,7834481
VTRS,2026-09-03,17.2220,17.2800,16.8100,16.9400,8032034
VTRS,2026-09-04,16.8100,17.0200,16.6700,16.8800,5732791
VTRS,2026-09-08,16.6300,16.7650,16.4201,16.6100,4394622
VTRS,2026-09-09,16.7200,16.8400,16.4000,16.5000,6510509
VTRS,2026-09-10,16.5000,16.5100,16.1500,16.3800,9014880
VTRS,2026-09-11,16.5000,16.6500,16.3200,16.5100,12174064
VTRS,2026-09-14,16.6400,16.8466,16.4700,16.6600,7027352
VTRS,2026-09-15,16.6300,16.6700,16.3800,16.6500,6844871
VTRS,2026-09-16,16.7500,17.0500,16.6650,17.0200,8644932
VTRS,2026-09-17,17.1000,17.3050,17.0900,17.1300,7018579
VTRS,2026-09-18,17.1900,17.2000,16.9100,16.9500,15646115
VTRS,2026-09-21,16.9800,17.3500,16.8650,17.1000,6935045
VTRS,2026-09-22,17.1000,17.2300,16.9800,17.1800,5238439
VTRS,2026-09-23,17.2550,17.5950,16.9900,17.1200,6868587
VTRS,2026-09-24,17.0500,17.4500,17.0000,17.4200,13744670
VTRS,2026-09-25,17.5200,17.9750,17.3700,17.8300,10152781
VTRS,2026-09-28,17.7500,18.3700,17.5406,18.2700,12377188
VTRS,2026-09-29,18.2500,18.4300,17.8650,18.1200,13858063
VTRS,2026-09-30,18.1600,18.1700,17.7100,17.7200,11806880
VTRS,2026-10-01,17.6200,17.8350,17.4300,17.4600,9038825
VTRS,2026-10-02,17.5300,17.6500,17.3400,17.6000,7526176
VTRS,2026-10-05,17.8200,17.9100,17.4500,17.6200,6356832
VTRS,2026-10-06,17.7700,17.8700,17.3100,17.5400,6675731
WELL,2026-05-14,221.4100,221.4100,216.8900,217.7500,2901278
WELL,2026-05-15,218.1150,218.1150,213.2100,213.7400,4531074
WELL,2026-05-18,212.9100,215.4000,211.7800,212.6100,1992169
WELL,2026-05-19,212.0250,218.0000,212.0250,218.0000,7048706
WELL,2026-05-20,218.2900,220.5000,214.3400,218.6100,4647518
WELL,2026-05-21,217.5200,217.9900,214.6400,216.0100,4191489
WELL,2026-05-22,218.0000,218.4000,215.2400,216.1700,2292008
WELL,2026-05-26,217.5800,219.7500,215.7300,218.1300,3242680
WELL,2026-05-27,216.9900,217.8050,214.1100,214.1800,2713455
WELL,2026-05-28,213.9400,215.5100,209.2900,210.2900,3089485
WELL,2026-05-29,209.9900,210.8700,205.3300,205.3300,10334712
WELL,2026-06-01,205.0300,207.4000,197.3300,197.3600,3483458
WELL,2026-06-02,197.2500,198.4550,194.6736,195.3500,3348395
WELL,2026-06-03,195.3200,200.9200,195.2900,199.5900,5469508
WELL,2026-06-04,202.3100,204.0100,198.2500,200.8500,2844510
WELL,2026-06-05,200.8800,210.4100,200.0000,206.9300,3176879
WELL,2026-06-08,207.1200,208.2350,198.9700,200.0000,2905564
WELL,2026-06-09,201.8100,207.9000,199.0200,206.7700,3160390
WELL,2026-06-10,208.7000,212.8400,207.9000,211.3600,3111333
WELL,2026-06-11,212.5900,214.3300,210.5300,210.6700,3807440
WELL,2026-06-12,212.2200,214.9200,211.9450,214.2300,2264240
WELL,2026-06-15,212.6500,215.6200,211.6500,212.8200,4469541
WELL,2026-06-16,213.4500,215.7300,212.0601,213.5000,2354345
WELL,2026-06-17,213.1900,214.1700,206.3100,206.5500,4855000
WELL,2026-06-18,208.5200,208.5200,202.9000,206.6500,8060889
WELL,2026-06-22,207.7950,212.4850,206.2100,211.4500,3643784
WELL,2026-06-23,213.0600,219.0025,211.6600,217.6700,3593406
WELL,2026-06-24,218.8500,223.9400,217.1000,221.4300,5355943
WELL,2026-06-25,221.6800,224.4700,219.3300,223.7300,2824150
WELL,2026-06-26,227.0300,228.5300,223.0400,227.3300,4944832
WELL,2026-06-29,227.2400,228.0300,223.9200,227.7300,2592779
WELL,2026-06-30,226.3100,230.0700,225.1555,226.9700,4464861
WELL,2026-07-01,227.6000,231.8500,226.9700,230.1900,2735922
WELL,2026-07-02,231.1500,236.0600,229.2150,236.0600,4132045
WELL,2026-07-06,235.8700,236.3350,231.0100,232.6900,2857840
WELL,2026-07-07,234.5300,239.1050,233.2650,237.5900,4197847
WELL,2026-07-08,236.6200,238.0000,233.8100,233.9000,2557550
WELL,2026-07-09,233.6700,234.6950,231.7100,232.1200,1654824
WELL,2026-07-10,232.7300,233.0100,228.3700,231.5900,2531137
WELL,2026-07-13,233.1700,235.7300,230.9000,234.5500,1903134
WELL,2026-07-14,235.4000,237.2200,234.0000,236.0000,3324391
WELL,2026-07-15,236.6900,238.0300,232.3200,233.2900,2548167
WELL,2026-07-16,234.2600,241.7900,233.8650,241.4900,2711512
WELL,2026-07-17,244.0700,246.4300,242.2300,243.2500,2792412
WELL,2026-07-20,243.4600,245.3600,242.6800,244.8400,2603647
WELL,2026-07-21,242.2700,247.4500,242.2700,246.3700,2694349
WELL,2026-07-22,247.2400,247.3475,244.1600,245.0400,2019298
WELL,2026-07-23,244.9300,250.1200,243.5100,247.0500,2831664
WELL,2026-07-24,248.4800,252.9400,246.0300,252.0700,3312374
WELL,2026-07-27,251.1400,252.1700,248.3400,248.3400,2610394
WELL,2026-07-28,251.4000,255.2000,242.2400,243.5700,4630845
WELL,2026-07-29,243.1500,245.3038,238.6100,241.0800,2704931
WELL,2026-07-30,239.1300,240.8100,234.1400,235.6300,2994237
WELL,2026-07-31,234.2100,237.1000,232.6300,234.4400,3982530
WELL,2026-08-03,235.0600,236.4000,232.0600,233.1000,3786366
WELL,2026-08-04,230.3100,232.3400,226.4800,231.5700,5216440
WELL,2026-08-05,232.3000,237.5100,230.1900,237.2500,3061105
WELL,2026-08-06,238.9100,239.2000,233.7400,236.0000,3016040
WELL,2026-08-07,235.1400,238.3600,234.5700,236.9200,3527491
WELL,2026-08-10,236.9000,237.0200,234.4000,235.0400,2149454
WELL,2026-08-11,233.3600,233.7250,225.5500,226.0100,3313771
WELL,2026-08-12,225.4900,230.6100,224.9700,230.2700,3401970
WELL,2026-08-13,231.5000,235.5900,231.2100,234.4400,4477477
WELL,2026-08-14,234.1400,236.4300,233.1400,235.5200,1974018
WELL,2026-08-17,234.4400,236.2800,233.0000,235.3000,2516934
WELL,2026-08-18,235.7350,238.8500,235.0000,235.4400,1883379
WELL,2026-08-19,235.4400,236.7200,234.3000,235.7300,2274110
WELL,2026-08-20,235.9000,238.7900,235.1084,237.4000,2683460
WELL,2026-08-21,237.1800,241.1100,236.0800,239.2200,3140689
WELL,2026-08-24,239.8500,242.7800,238.4600,240.0100,1686088
WELL,2026-08-25,240.7800,242.3100,238.6650,241.1500,1772930
WELL,2026-08-26,241.9600,243.0400,238.9600,241.5600,2368473
WELL,2026-08-27,238.4500,240.6250,237.2200,239.6000,2390906
WELL,2026-08-28,241.3200,241.3850,237.4700,238.0700,2131364
WELL,2026-08-31,236.4200,237.8900,233.5200,236.2400,4911282
WELL,2026-09-01,238.0500,242.9699,237.9100,240.4200,3416900
WELL,2026-09-02,240.7000,240.9800,236.6500,238.5900,2516700
WELL,2026-09-03,239.1100,242.5700,237.4550,241.1200,2304067
WELL,2026-09-04,239.3400,241.4100,235.4520,236.1700,2254455
WELL,2026-09-08,234.2800,240.3500,234.2800,237.2500,2804976
WELL,2026-09-09,236.9800,238.2300,234.7200,235.9000,1877065
WELL,2026-09-10,238.3500,239.9300,234.8150,235.7100,2288575
WELL,2026-09-11,236.9200,239.4300,234.0800,235.6200,2106467
WELL,2026-09-14,238.5900,240.3100,234.2100,234.2100,1682269
WELL,2026-09-15,233.4300,234.3650,229.7400,232.7600,2019467
WELL,2026-09-16,232.7600,236.7800,231.3100,234.5000,2136006
WELL,2026-09-17,235.3700,236.2950,231.5800,232.2600,2065151
WELL,2026-09-18,229.6000,231.8600,228.0000,228.8700,8296616
WELL,2026-09-21,229.2600,233.9600,228.5100,232.7600,2810834
WELL,2026-09-22,229.9500,231.6400,229.0000,230.3900,2070857
WELL,2026-09-23,229.0000,231.9900,228.9500,229.8700,2761836
WELL,2026-09-24,234.0000,236.9700,232.8450,233.6100,2751256
WELL,2026-09-25,233.8400,237.3152,229.8800,231.3700,2306764
WELL,2026-09-28,234.4100,234.8200,231.3536,232.9600,2341598
WELL,2026-09-29,232.5800,234.1350,231.0800,232.9000,1898564
WELL,2026-09-30,233.2000,234.4400,230.2400,230.2400,2995877
WELL,2026-10-01,228.9300,230.2500,226.2250,226.9400,2858196
WELL,2026-10-02,226.8700,229.9300,225.3600,227.7100,2646797
WELL,2026-10-05,227.3500,229.7300,223.6400,224.1600,2449214
WELL,2026-10-06,223.9400,227.2200,222.2200,225.7800,2170933
WFC,2026-05-18,73.3300,74.7650,73.3300,74.3700,16934192
WFC,2026-05-19,74.4800,75.3500,73.8500,74.5500,18649756
WFC,2026-05-20,74.8900,76.3000,73.9800,75.8100,14680925
WFC,2026-05-21,75.5900,76.0550,74.9100,75.9200,9433384
WFC,2026-05-22,76.3600,76.8500,76.1200,76.4000,8735496
WFC,2026-05-26,76.9100,77.6700,76.7650,77.5200,21960664
WFC,2026-05-27,77.1300,77.7100,75.1750,76.1100,15579835
WFC,2026-05-28,75.8400,77.6200,75.3500,76.6500,14147679
WFC,2026-05-29,76.6200,77.7500,76.3400,77.5400,22327065
WFC,2026-06-01,76.7500,78.0200,76.5000,77.1700,15558441
WFC,2026-06-02,76.8100,79.5400,76.7200,79.4400,19447408
WFC,2026-06-03,78.8800,79.1250,77.4000,78.6800,15236588
WFC,2026-06-04,79.9700,81.8899,79.7200,81.6200,19452068
WFC,2026-06-05,82.1500,82.4500,81.4500,81.9400,15110579
WFC,2026-06-08,81.8100,82.5367,80.8250,80.9600,11481245
WFC,2026-06-09,81.2500,82.5550,80.9300,82.0000,15565497
WFC,2026-06-10,81.8500,83.1800,81.4500,81.9700,12580845
WFC,2026-06-11,82.5500,82.9100,80.8250,82.4000,10929908
WFC,2026-06-12,82.9300,84.1000,82.6200,83.7300,10526034
WFC,2026-06-15,84.4200,84.9300,83.0300,83.1400,14526909
WFC,2026-06-16,84.0000,85.0600,83.9350,85.0500,12400514
WFC,2026-06-17,85.1300,87.0800,83.5900,83.8100,19403502
WFC,2026-06-18,84.9300,85.5700,81.9500,82.2000,36738626
WFC,2026-06-22,82.7150,84.1300,82.6850,83.8400,18657592
WFC,2026-06-23,84.0100,84.3300,83.0500,84.1300,11612299
WFC,2026-06-24,84.1900,84.4900,83.5100,84.3000,11424857
WFC,2026-06-25,84.2800,86.3000,84.2800,84.7400,11410113
WFC,2026-06-26,84.8300,85.1600,83.1000,83.8600,20829294
WFC,2026-06-29,83.7550,84.5800,83.4650,83.5100,16658290
WFC,2026-06-30,83.6950,83.8000,82.5200,82.6400,17283422
WFC,2026-07-01,82.8300,86.0500,82.7450,85.9400,14670601
WFC,2026-07-02,86.6100,86.8000,85.0900,85.5100,10783846
WFC,2026-07-06,86.0000,87.6299,85.9200,87.4500,9914207
WFC,2026-07-07,88.0300,88.5700,86.8900,87.1800,10029490
WFC,2026-07-08,86.5200,86.7700,85.1000,85.5600,9978634
WFC,2026-07-09,85.8500,87.4500,85.6500,86.9100,13325323
WFC,2026-07-10,87.5000,87.8395,86.6500,87.1600,14054846
WFC,2026-07-13,87.8900,88.0100,86.1100,87.6700,15026803
WFC,2026-07-14,84.8500,88.6750,83.8300,85.2900,38942956
WFC,2026-07-15,85.9400,87.6250,85.7000,87.5100,28730320
WFC,2026-07-16,87.9500,88.9000,87.2100,88.0700,20161034
WFC,2026-07-17,87.7400,89.7900,86.5000,87.5100,22762721
WFC,2026-07-20,87.8800,88.5700,86.0600,86.3300,17536136
WFC,2026-07-21,86.6800,88.2600,85.8900,87.7400,17605642
WFC,2026-07-22,88.1900,88.1900,86.2450,86.4200,15478709
WFC,2026-07-23,85.7800,86.4900,85.1000,86.1900,11220731
WFC,2026-07-24,85.9500,86.9500,85.7000,86.3100,11871398
WFC,2026-07-27,87.3000,87.9000,86.9000,87.2700,10385652
WFC,2026-07-28,87.7500,88.2200,86.4100,86.8700,16571788
WFC,2026-07-29,86.8500,87.0150,83.7100,83.8700,18076854
WFC,2026-07-30,84.5800,85.5800,84.0154,85.4300,15140307
WFC,2026-07-31,86.0000,86.7400,85.4400,86.4500,14776700
WFC,2026-08-03,87.5600,87.9650,86.4101,87.8900,11180019
WFC,2026-08-04,87.5600,89.4300,87.3700,88.3900,16454060
WFC,2026-08-05,89.2300,89.6200,88.8400,89.1700,9613342
WFC,2026-08-06,89.8400,90.1700,87.2000,87.5900,13094985
WFC,2026-08-07,86.4600,87.3600,86.0400,87.2500,7390990
WFC,2026-08-10,86.9100,87.8050,86.5700,87.5200,12927729
WFC,2026-08-11,87.6200,88.5000,87.2500,87.4500,11059828
WFC,2026-08-12,88.0000,89.2150,87.4000,88.9300,14441078
WFC,2026-08-13,89.3600,89.5000,87.7800,88.1100,10459382
WFC,2026-08-14,88.0700,88.8350,87.7600,88.8200,8788501
WFC,2026-08-17,88.7200,89.5250,87.4800,87.5400,14585950
WFC,2026-08-18,88.3000,88.3000,86.8540,87.4000,8219442
WFC,2026-08-19,87.4100,87.4100,85.5845,85.9400,10692358
WFC,2026-08-20,85.6200,85.6700,83.6200,83.7000,13729962
WFC,2026-08-21,84.5000,85.0000,83.4800,83.8400,13304537
WFC,2026-08-24,84.2150,85.6800,84.0200,84.7200,7948754
WFC,2026-08-25,84.9800,85.1500,83.8800,84.7900,8986718
WFC,2026-08-26,84.9900,85.5850,84.1000,85.2300,9901913
WFC,2026-08-27,84.7550,85.2900,83.7200,84.9700,10849773
WFC,2026-08-28,85.4100,86.7200,85.2000,86.6900,12024511
WFC,2026-08-31,86.2900,87.0900,85.8800,86.3900,19126894
WFC,2026-09-01,86.4400,87.9400,86.0100,87.0400,19323252
WFC,2026-09-02,87.7500,90.0900,87.5800,89.2700,20604061
WFC,2026-09-03,89.8000,90.3400,88.6800,89.1900,13206607
WFC,2026-09-04,88.7500,90.1300,88.7300,89.9700,8004837
WFC,2026-09-08,89.6350,89.7300,87.9600,87.9600,9753217
WFC,2026-09-09,87.5600,89.9400,87.2001,89.6700,14583886
WFC,2026-09-10,89.6500,89.9900,88.6450,89.4500,13093089
WFC,2026-09-11,90.7400,91.1600,89.7550,90.2900,12928086
WFC,2026-09-14,90.1650,90.4800,87.3831,88.7100,15726297
WFC,2026-09-15,90.5200,91.9900,87.9100,89.7200,15942390
WFC,2026-09-16,89.7200,89.7200,86.0950,87.0500,13555664
WFC,2026-09-17,87.7700,87.8900,85.7937,86.8900,12620691
WFC,2026-09-18,86.2600,86.7400,85.9500,86.1200,25024960
WFC,2026-09-21,86.8300,87.1500,86.2300,86.5400,9715482
WFC,2026-09-22,86.6200,86.6200,82.7938,83.1500,15868186
WFC,2026-09-23,82.7450,83.3950,81.8100,81.9000,14623993
WFC,2026-09-24,81.7850,82.5350,80.9450,82.1800,12235781
WFC,2026-09-25,82.2950,83.1000,81.7403,82.9700,9452760
WFC,2026-09-28,82.6950,82.8900,80.5800,80.8100,13108838
WFC,2026-09-29,80.6200,81.1300,80.1150,80.4800,12885685
WFC,2026-09-30,80.2500,80.8750,79.8150,80.0500,17824879
WFC,2026-10-01,79.3500,80.3300,78.0000,80.2500,17496072
WFC,2026-10-02,80.3200,80.7399,79.8100,80.4500,10121631
WFC,2026-10-05,82.1600,82.2200,80.9400,81.4400,12766321
WFC,2026-10-06,81.8500,81.9750,81.0750,81.5100,12180487
WFC,2026-10-07,80.4750,80.8200,79.0700,80.2600,13583969
WFC,2026-10-08,79.8400,82.1663,79.7450,82.0500,16653354
WMB,2026-05-14,75.7100,77.7850,75.7100,77.6900,6370950
WMB,2026-05-15,77.8000,78.2400,77.0900,77.7200,9316380
WMB,2026-05-18,77.9700,78.3100,77.0050,77.6900,6753046
WMB,2026-05-19,77.8300,79.5900,77.0950,79.4000,8359911
WMB,2026-05-20,79.5400,80.0750,77.5600,77.8800,6542597
WMB,2026-05-21,78.1900,78.2900,77.2300,77.5200,4178716
WMB,2026-05-22,77.8200,78.6200,77.4650,78.4700,6201282
WMB,2026-05-26,78.2500,78.4650,76.2950,76.3400,5581388
WMB,2026-05-27,75.4800,75.8850,74.2000,74.3700,6180475
WMB,2026-05-28,74.9100,74.9400,73.0700,73.1300,7243950
WMB,2026-05-29,72.9800,72.9800,71.2050,71.3900,11256788
WMB,2026-06-01,71.3000,71.6599,70.0400,70.0400,7461363
WMB,2026-06-02,70.2900,71.5200,70.0100,71.3100,5416250
WMB,2026-06-03,71.2800,72.7200,71.1300,71.6600,7550632
WMB,2026-06-04,71.6200,72.4400,71.4200,72.4300,6558051
WMB,2026-06-05,72.2900,72.7250,71.7300,71.9600,5749677
WMB,2026-06-08,72.3400,72.5700,71.2200,71.5900,4499872
WMB,2026-06-09,71.4400,72.3500,70.6700,71.5900,6312712
WMB,2026-06-10,71.8900,72.9500,71.6700,72.2600,4277701
WMB,2026-06-11,72.5600,72.8100,71.5550,71.6200,4392825
WMB,2026-06-12,71.1200,72.9200,70.6900,72.0800,5518486
WMB,2026-06-15,70.4300,72.1750,70.0150,71.4900,5888549
WMB,2026-06-16,71.1000,71.7100,70.7650,71.4800,5835545
WMB,2026-06-17,71.1500,71.7300,70.7900,71.2500,5021334
WMB,2026-06-18,71.7800,73.2800,70.8300,73.1200,15180068
WMB,2026-06-22,72.8600,75.7900,72.6600,74.9500,11264513
WMB,2026-06-23,74.2100,75.8800,73.6200,75.7900,7972814
WMB,2026-06-24,75.1800,76.1700,74.5900,75.8700,7702556
WMB,2026-06-25,75.9200,77.7500,75.6700,77.5300,6482430
WMB,2026-06-26,77.8900,78.9950,77.4800,77.9200,13012640
WMB,2026-06-29,77.6100,78.4792,73.7450,75.0600,13124967
WMB,2026-06-30,74.9400,75.6250,74.2500,74.3400,12491786
WMB,2026-07-01,74.1600,74.5300,72.2700,72.7700,8557494
WMB,2026-07-02,73.5600,73.9600,72.1100,73.1400,6556194
WMB,2026-07-06,73.0700,73.8900,72.4000,72.8200,5696417
WMB,2026-07-07,73.3600,75.4200,73.3600,75.0800,6918654
WMB,2026-07-08,75.3900,75.6300,74.3000,75.2700,5626443
WMB,2026-07-09,75.5900,76.4800,75.2500,75.4500,5947945
WMB,2026-07-10,75.4200,75.8100,74.1100,75.0200,4016718
WMB,2026-07-13,75.4400,75.5660,72.8100,74.4600,8561870
WMB,2026-07-14,74.9800,76.2900,74.9450,75.9800,5996531
WMB,2026-07-15,76.0000,76.3350,74.1750,74.3800,6233875
WMB,2026-07-16,74.4800,75.2100,74.0000,74.7300,7273584
WMB,2026-07-17,75.6700,75.7200,72.7600,73.3800,8904973
WMB,2026-07-20,73.3300,75.4300,73.3300,74.1600,5490625
WMB,2026-07-21,74.6000,74.7400,72.7600,73.3600,6067787
WMB,2026-07-22,73.7300,75.0500,73.3250,74.4900,6157929
WMB,2026-07-23,75.3700,75.8400,74.4850,75.2500,4801183
WMB,2026-07-24,75.4000,76.4200,73.8450,74.0000,6108579
WMB,2026-07-27,72.8200,73.0200,70.5700,70.7900,8263524
WMB,2026-07-28,70.7800,71.3300,69.2650,70.1600,7854075
WMB,2026-07-29,71.1900,71.3200,69.7800,70.1300,5299100
WMB,2026-07-30,70.2000,71.2200,69.8300,70.9100,6248520
WMB,2026-07-31,70.7950,71.8850,70.5600,71.5400,7249397
WMB,2026-08-03,70.6500,71.2200,69.8600,70.4300,7524472
WMB,2026-08-04,69.5700,72.5300,68.5200,71.5100,13764022
WMB,2026-08-05,71.5200,72.1400,70.9600,71.8100,6230902
WMB,2026-08-06,73.0000,73.2300,71.2100,71.7600,7333646
WMB,2026-08-07,71.4400,72.1842,70.2400,70.4000,4592645
WMB,2026-08-10,71.0000,71.8600,70.5900,71.8500,4882913
WMB,2026-08-11,72.1300,72.7900,71.6350,72.3100,3396962
WMB,2026-08-12,72.3200,73.8800,72.2000,73.7000,4551054
WMB,2026-08-13,73.5000,74.0300,73.0400,73.0400,3942829
WMB,2026-08-14,73.4300,75.2400,73.2100,75.2000,6043325
WMB,2026-08-17,75.2100,75.3600,73.3900,73.4500,7940296
WMB,2026-08-18,74.6600,75.8400,74.2950,75.1300,5034847
WMB,2026-08-19,75.8100,75.8750,73.0950,73.2400,5425014
WMB,2026-08-20,73.4300,73.9700,71.1200,71.6800,6408759
WMB,2026-08-21,72.1700,73.3185,69.9200,70.4900,7587227
WMB,2026-08-24,70.3800,71.4900,69.6000,70.9700,5509716
WMB,2026-08-25,70.9000,72.0250,70.8100,71.0800,7011660
WMB,2026-08-26,71.1600,75.5300,71.1100,74.4100,8291496
WMB,2026-08-27,74.3500,74.7600,72.7150,74.1900,7563938
WMB,2026-08-28,74.4700,74.8100,73.4600,73.7300,4693159
WMB,2026-08-31,74.1900,75.5000,73.6700,75.0500,20164554
WMB,2026-09-01,75.5600,76.3200,74.3500,75.2300,7317781
WMB,2026-09-02,75.1200,75.3000,73.6300,75.1600,8805385
WMB,2026-09-03,75.2300,75.5200,73.9950,74.0500,6426815
WMB,2026-09-04,73.8700,74.4300,73.3650,74.1500,7513904
WMB,2026-09-08,74.7400,75.9700,73.1200,75.8300,7019263
WMB,2026-09-09,76.5500,76.8600,74.4450,75.1500,6617579
WMB,2026-09-10,74.9300,75.2700,72.5700,72.8200,6315563
WMB,2026-09-11,72.7000,73.6600,72.4200,72.8500,8330638
WMB,2026-09-14,72.5100,73.3300,70.8900,71.9500,8848211
WMB,2026-09-15,72.3900,72.6300,71.0850,71.6300,7553752
WMB,2026-09-16,71.6400,71.9800,69.8500,70.9000,9240954
WMB,2026-09-17,71.1500,72.2000,71.0100,71.8100,5923544
WMB,2026-09-18,71.3500,73.2900,71.2500,72.0500,19567813
WMB,2026-09-21,71.5500,72.4600,71.3800,71.6500,5195649
WMB,2026-09-22,71.4400,72.4000,70.7300,70.9800,5410513
WMB,2026-09-23,71.3100,72.2900,70.7200,71.1100,5176568
WMB,2026-09-24,71.4500,71.4500,70.2900,70.5800,4369622
WMB,2026-09-25,70.3600,70.4700,68.8201,69.2600,6435839
WMB,2026-09-28,69.5200,69.5200,68.4000,68.9800,5586634
WMB,2026-09-29,68.2400,68.9400,67.6150,68.6300,6697062
WMB,2026-09-30,69.0100,69.1800,67.4800,67.9700,9586303
WMB,2026-10-01,67.8500,69.4150,67.3800,69.2200,7208997
WMB,2026-10-02,68.9300,70.5600,68.6500,70.5400,8295733
WMB,2026-10-05,70.5300,71.7300,70.0410,70.8100,5803559
WMB,2026-10-06,70.6700,72.7350,70.1050,72.3900,6439837
XNCR,2026-05-18,11.0300,11.4000,10.8600,11.0600,854126
XNCR,2026-05-19,10.9900,10.9900,10.3750,10.4100,794258
XNCR,2026-05-20,10.4900,11.3750,10.4900,11.3200,904139
XNCR,2026-05-21,11.1000,11.4600,11.0100,11.2700,642663
XNCR,2026-05-22,11.2900,11.6200,11.2000,11.3100,522183
XNCR,2026-05-26,11.4000,11.7500,11.2800,11.6300,526296
XNCR,2026-05-27,11.5700,12.1400,11.5250,11.7200,484449
XNCR,2026-05-28,11.7000,12.0200,11.4000,11.9700,374951
XNCR,2026-05-29,11.9700,12.2200,11.7488,11.8800,647066
XNCR,2026-06-01,11.8300,11.9900,11.5100,11.8000,709375
XNCR,2026-06-02,11.6100,11.6700,11.0750,11.2100,595388
XNCR,2026-06-03,11.3000,11.4400,11.2300,11.4200,602704
XNCR,2026-06-04,11.8400,12.1200,11.5100,12.0100,942670
XNCR,2026-06-05,12.0800,12.0800,11.5500,11.7700,862565
XNCR,2026-06-08,11.9000,11.9650,11.2000,11.4100,776181
XNCR,2026-06-09,11.6100,12.0400,11.5700,11.8900,1009031
XNCR,2026-06-10,11.8200,12.2400,11.5700,11.8300,650972
XNCR,2026-06-11,11.8000,12.2699,11.5600,12.0900,500334
XNCR,2026-06-12,12.3400,12.5300,12.0200,12.3300,591563
XNCR,2026-06-15,12.3100,12.5950,11.9900,12.2100,638904
XNCR,2026-06-16,12.2500,12.3550,11.9000,12.2000,871478
XNCR,2026-06-17,12.2400,13.2600,12.2400,12.7800,1051847
XNCR,2026-06-18,13.0600,13.3200,12.4900,12.6400,1815287
XNCR,2026-06-22,12.8900,14.2100,12.8900,14.0100,1203500
XNCR,2026-06-23,13.9000,14.5000,13.9000,14.0800,1142537
XNCR,2026-06-24,14.2800,14.9500,14.2800,14.4500,825398
XNCR,2026-06-25,14.8900,15.3100,14.4275,14.7400,874739
XNCR,2026-06-26,14.8200,15.5700,14.5900,15.0500,1981661
XNCR,2026-06-29,15.3000,15.6200,14.8200,15.6000,749505
XNCR,2026-06-30,15.6900,16.8050,15.4600,16.1000,1500302
XNCR,2026-07-01,15.9300,16.1000,15.3600,15.3800,1020105
XNCR,2026-07-02,15.3900,15.7200,14.6900,15.0000,919419
XNCR,2026-07-06,14.9700,15.2000,14.6100,14.8900,504887
XNCR,2026-07-07,14.9200,15.7800,14.7250,15.6700,719118
XNCR,2026-07-08,15.4700,16.5100,15.3600,16.4600,1164151
XNCR,2026-07-09,16.4000,16.9800,15.7800,16.1150,1478030
XNCR,2026-07-10,15.8400,15.8900,15.1100,15.8500,544665
XNCR,2026-07-13,15.5300,15.5300,14.6700,14.9600,662576
XNCR,2026-07-14,14.9600,15.2400,14.6000,14.9500,581678
XNCR,2026-07-15,14.8700,15.0300,14.4800,14.9800,487639
XNCR,2026-07-16,14.9500,14.9600,14.3800,14.9500,636626
XNCR,2026-07-17,14.6800,17.6750,14.6000,17.4700,1684195
XNCR,2026-07-20,17.6200,20.2600,17.6200,18.8100,2862466
XNCR,2026-07-21,18.8500,21.2600,18.8200,20.4500,1826707
XNCR,2026-07-22,20.5850,20.6400,18.7978,19.5100,1259672
XNCR,2026-07-23,19.1800,20.0250,18.8350,19.5300,832624
XNCR,2026-07-24,19.5300,19.9000,18.9400,19.4400,632988
XNCR,2026-07-27,19.4820,20.6000,19.4600,19.8600,942303
XNCR,2026-07-28,19.8400,20.1350,19.0400,19.9700,845863
XNCR,2026-07-29,19.9300,20.1200,19.2000,19.5300,1161148
XNCR,2026-07-30,19.6750,21.7600,19.6600,21.4900,1615605
XNCR,2026-07-31,21.5000,21.5700,19.7700,20.2100,1318724
XNCR,2026-08-03,20.0700,20.2400,19.0900,19.4000,714422
XNCR,2026-08-04,19.6900,20.2600,19.4900,19.9200,760790
XNCR,2026-08-05,20.0100,20.3299,19.6500,19.8400,826085
XNCR,2026-08-06,21.9600,21.9600,19.0700,20.0000,996659
XNCR,2026-08-07,20.2200,21.0514,19.9250,20.8100,1124578
XNCR,2026-08-10,20.9150,21.8100,20.4800,21.5800,1263697
XNCR,2026-08-11,21.7500,22.2200,21.3800,22.1000,1109981
XNCR,2026-08-12,22.1300,23.3400,21.8950,23.1800,1967662
XNCR,2026-08-13,23.3600,23.4000,22.5300,22.9900,975295
XNCR,2026-08-14,22.9100,23.4500,22.5000,23.3400,443070
XNCR,2026-08-17,23.2150,23.4700,22.9119,23.1200,962159
XNCR,2026-08-18,22.8100,25.5300,22.7900,25.4100,1604652
XNCR,2026-08-19,26.0300,27.5900,25.5450,27.5200,2351122
XNCR,2026-08-20,27.0100,27.7000,26.5200,27.0000,1655225
XNCR,2026-08-21,27.3000,28.1600,27.0700,27.8000,753106
XNCR,2026-08-24,27.8000,29.4200,27.1400,28.9950,1050750
XNCR,2026-08-25,29.0000,30.6100,29.0000,29.3000,1566748
XNCR,2026-08-26,28.7140,29.2300,28.4400,28.4400,2121833
XNCR,2026-08-27,28.1550,28.9400,27.8000,28.8800,1553695
XNCR,2026-08-28,28.9700,28.9700,25.8050,26.0600,2051639
XNCR,2026-08-31,26.0000,27.6350,25.8900,27.2650,1808116
XNCR,2026-09-01,27.1900,28.0800,26.7100,27.9100,1475981
XNCR,2026-09-02,28.2000,28.9799,26.0400,26.9000,1018293
XNCR,2026-09-03,27.1800,27.2300,26.0550,26.6200,1321480
XNCR,2026-09-04,26.0500,26.7600,25.4000,26.6100,919792
XNCR,2026-09-08,26.0900,26.4854,24.9284,25.3300,1237757
XNCR,2026-09-09,25.1200,26.1800,24.8500,24.9400,1178304
XNCR,2026-09-10,24.6300,24.6300,23.8600,24.2600,1360986
XNCR,2026-09-11,24.7200,24.8400,23.9601,24.4100,905274
XNCR,2026-09-14,24.7100,24.9500,24.4600,24.5300,858322
XNCR,2026-09-15,24.4200,24.4200,23.3600,23.7500,1818841
XNCR,2026-09-16,23.8700,24.1100,23.6400,23.7100,1230466
XNCR,2026-09-17,24.2500,24.8650,23.9800,24.5900,1027007
XNCR,2026-09-18,24.4500,25.0228,24.1283,24.7200,5207447
XNCR,2026-09-21,25.4600,25.4600,24.6400,25.0300,1389706
XNCR,2026-09-22,25.0800,25.6996,24.8600,25.1600,1223604
XNCR,2026-09-23,25.4200,25.6300,23.9900,24.2600,1156610
XNCR,2026-09-24,24.1600,24.6920,23.6900,23.8800,952643
XNCR,2026-09-25,24.1000,24.2900,23.3050,23.8000,1169672
XNCR,2026-09-28,23.9000,25.7100,23.7400,25.6000,1532262
XNCR,2026-09-29,25.8200,25.9836,24.6050,25.0000,1620962
XNCR,2026-09-30,25.3600,26.3500,24.9400,24.9500,1541989
XNCR,2026-10-01,24.5700,25.2750,24.3750,24.7700,1094974
XNCR,2026-10-02,25.3600,25.5000,24.1350,24.8400,1097640
XNCR,2026-10-05,24.8300,26.0100,24.8300,25.6300,1276618
XNCR,2026-10-06,25.7600,26.0300,23.8900,24.3600,1245800
XNCR,2026-10-07,24.1100,24.5900,23.6600,24.2600,1696619
XNCR,2026-10-08,24.0200,24.5600,22.5600,24.5000,2189114
